Growth (%),Date,Real Exchange Rate Growth (%),RER Index,France Inflation (%),US Inflation (%),France IP Growth (%),US IP Growth (%),France YoY IP Growth (%),US YoY IP Growth (%),France Reserves Index,US Reserves Index_x,US Inflation Rate (%),US Reserves Index_y
,1959-12-01,,6.520280975831839,,,,,,,,,,
,1959-12-31,,,,,,,,,96.60496232064739,100.508513392878,,100.508513392878
,1960-01-01,,6.413193353251568,,,,,,,,,,
0.0,1960-01-31,-1.6423774217277365,,1.3239862180175699,-0.34013605442166917,-3.8694773317929365,2.9172320217096814,,,97.60677671783341,100.38512411372378,-0.34013605442166917,100.38512411372378
,1960-02-01,,6.420277495338696,,,,,,,,,,
0.0,1960-02-29,0.11046200694286856,,0.23058021784843064,0.3412969283275391,2.3430459597474806,0.5603164139749373,,,100.0,100.0,0.3412969283275391,100.0
,1960-03-01,,6.420277495338696,,,,,,,,,,
0.0,1960-03-31,0.0,,0.0,0.0,0.3522160258291773,-0.2294329727959843,,,104.06402707125126,99.76163434708843,0.0,99.76163434708843
,1960-04-01,,6.432249383996315,,,,,,,,,,
0.0,1960-04-30,0.18646995657605192,,0.15338009005834152,0.34013605442169137,2.281368821292884,-0.7884362680681045,,,108.40689248305264,99.44988946377076,0.34013605442169137,99.44988946377076
,1960-05-01,,6.447058769647792,,,,,,,,,,
0.0,1960-05-31,0.23023649686721992,,-0.22970762607591455,0.0,0.08578781812982328,-0.23178807947037416,,,116.69968943753688,99.24564281607987,0.0,99.24564281607987
,1960-06-01,,6.473881838993319,,,,,,,,,,
0.0,1960-06-30,0.41605126157384653,,-0.07674889597651946,0.33898305084736347,0.0,0.2323265847993694,,,114.52909157696718,98.9441803726917,0.33898305084736347,98.9441803726917
,1960-07-01,,6.4491153640198835,,,,,,,,,,
0.0,1960-07-31,-0.38255988585182976,,0.3840290268586122,0.0,-7.628571428571485,-6.026490066225076,,,114.5847479323664,98.1477586617872,0.0,98.1477586617872
,1960-08-01,,6.3904429518088905,,,,,,,,,,
0.0,1960-08-31,-0.9097745799110823,,0.9181274702465769,0.0,-26.848128673059257,3.3826638477799875,,,120.70694702628093,97.2316867407937,0.0,97.2316867407937
,1960-09-01,,6.380768064959281,,,,,,,,,,
0.0,1960-09-30,-0.15139618524989684,,0.1516257408373578,0.0,43.128964059196996,1.5337423312882459,,,121.3748232910716,95.48647625457451,0.0,95.48647625457451
,1960-10-01,,6.41416990937204,,,,,,,,,,
0.0,1960-10-31,0.5234768616052543,,0.15140623745018011,0.6756756756755022,5.87887740029529,0.46995636119500084,,,122.82355822211339,93.79548226980188,0.6756756756755022,93.79548226980188
,1960-11-01,,6.394835466205556,,,,,,,,,,
0.0,1960-11-30,-0.3014332866086544,,0.3023446540362018,0.0,3.3761160714286254,-3.5750083528230614,,,126.33436112069639,91.41182574068621,0.0,91.41182574068621
,1960-12-01,,6.380409839571378,,,,,,,,,,
0.0,1960-12-31,-0.2255824518146321,,0.22609247676708133,0.0,-0.32388663967611864,-4.365904365904438,6.6416401963616645,-6.377204884667531,126.44623039504881,90.4798627761653,0.0,90.4798627761653
,1961-01-01,,6.375616597562022,,,,,,,,,,
0.0,1961-01-31,-0.07512435924771355,,0.07518083837081413,0.0,-3.3847820200378798,0.4710144927534632,7.179333133072818,-8.602504943968526,130.7874261161882,89.06555990222334,0.0,89.06555990222334
,1961-02-01,,6.370830551931127,,,,,,,,,,
0.0,1961-02-28,-0.0750679649200503,,0.07512435924770244,0.0,1.933856502242226,1.1179228272632402,6.750807161725958,-8.09570632579465,135.90781081291672,88.70006590109227,0.0,88.70006590109227
,1961-03-01,,6.375616597562022,,,,,,,,,,
0.0,1961-03-31,0.07512435924770244,,-0.0750679649200614,0.0,1.1822930987076763,1.355206847360635,7.633811055864337,-6.636005256241717,145.25919164709418,88.74773903167458,0.0,88.74773903167458
,1961-04-01,,6.380409839571378,,,,,,,,,,
0.0,1961-04-30,0.07518083837081413,,-0.07512435924771355,0.0,-0.08152173913043015,2.5334271639691375,5.147269087789463,-3.509933774834495,150.212607277625,89.57454067873451,0.0,89.57454067873451
,1961-05-01,,6.394835466205556,,,,,,,,,,
0.0,1961-05-31,0.22609247676710353,,-0.2255824518146321,0.0,0.5983138428065748,1.5099519560739072,5.685714285714161,-1.8254231662795606,157.83808453087258,89.72316867407937,0.0,89.72316867407937
,1961-06-01,,6.409325185531381,,,,,,,,,,
0.0,1961-06-30,0.2265847089014006,,-0.22607246326860064,0.0,0.48661800486620166,2.9073698444895824,6.1999999999998945,0.7947019867547311,167.35532130413972,90.2419645068869,0.0,90.2419645068869
,1961-07-01,,6.403973139338028,,,,,,,,,,
0.0,1961-07-31,-0.08350405133812355,,0.7552756767248425,0.6711409395978807,-11.353241861716501,-5.059132720105108,1.9177234766469597,1.8322762508806045,178.48659238398432,89.89937230378065,0.6711409395978807,89.89937230378065
,1961-08-01,,6.344575416439929,,,,,,,,,,
0.0,1961-08-31,-0.9275136170268095,,0.5997429815142619,-0.3333333333332411,-21.699544764795142,5.086505190311619,9.09090909090926,3.51056578050446,180.71340316350722,91.80115630710843,-0.3333333333332411,91.80115630710843
,1961-09-01,,6.332765560801766,,,,,,,,,,
0.0,1961-09-30,-0.1861409923122892,,0.5215599897878009,0.334448160535028,36.74418604651179,2.3707606190320307,4.224519940915816,4.363880496811223,181.46476396139676,91.23749164551757,0.334448160535028,91.23749164551757
,1961-10-01,,6.263124122103674,,,,,,,,,,
0.0,1961-10-31,-1.0997002499058994,,1.1119281262894631,0.0,5.810657596372049,2.315857188806403,4.15736607142887,6.281323087203439,182.85617284637732,89.60632276578939,0.0,89.60632276578939
,1961-11-01,,6.199492936383914,,,,,,,,,,
0.0,1961-11-30,-1.0159655864905304,,1.0263933901161204,0.0,2.8395392445751844,-0.8802263439169455,3.6167341430499267,9.25155925155905,184.35889444215633,87.99852306771922,0.0,87.99852306771922
,1961-12-01,,6.177075907836196,,,,,,,,,,
0.0,1961-12-31,-0.36159454938896607,,0.36290680059929414,0.0,2.8132326126596663,-1.4906438312716097,6.877877064717164,12.536231884058079,187.30923784186916,87.64798534284927,0.0,87.64798534284927
,1962-01-01,,6.137141688831225,,,,,,,,,,
0.0,1962-01-31,-0.6464906632329237,,0.6506973609171629,0.0,-3.1416265518115494,-0.7726980038636366,7.14686098654711,11.143166245943137,190.64861916582254,87.16611281706138,0.0,87.16611281706138
,1962-02-01,,6.151331748728273,,,,,,,,,,
0.0,1962-02-28,0.23121610379099877,,0.10188166273121801,0.3333333333332522,1.883337692911402,3.082414016872259,7.093758592246391,13.302425106989869,193.15538141300354,86.52205817056698,0.3333333333332522,86.52205817056698
,1962-03-01,,6.114012918997496,,,,,,,,,,
0.0,1962-03-31,-0.6066788665477607,,0.6103819246900954,0.0,0.9499358151475956,1.5108593012274962,6.847826086956577,13.476425052779817,201.4470652403798,85.66534397098482,0.0,85.66534397098482
,1962-04-01,,6.1219450719521715,,,,,,,,,,
0.0,1962-04-30,0.12973726192218038,,0.202226288848939,0.3322259136211647,0.0,0.4341085271317491,6.935001359804227,11.153054221002012,196.8275877422443,85.02830007898784,0.3322259136211647,85.02830007898784
,1962-05-01,,6.103471087190876,,,,,,,,,,
0.0,1962-05-31,-0.3017665879743836,,0.30267997500743604,0.0,1.3479145473040521,0.0,7.731819410651508,9.499661933739212,216.52993755356925,84.71094659207223,0.0,84.71094659207223
,1962-06-01,,6.079008047601003,,,,,,,,,,
0.0,1962-06-30,-0.4008053653471455,,0.40241827940212804,0.0,-1.1794228356335146,1.3893176906451865,5.945655098197555,7.884362680683354,221.09431525985948,86.42063592217127,0.0,86.42063592217127
,1962-07-01,,6.074789132544713,,,,,,,,,,
0.0,1962-07-31,-0.06940137310650352,,0.4008053653480337,0.3311258278144935,-10.81767394616553,-5.024360535931727,6.585735963581385,7.923875432526062,209.85173146921645,83.12184223932846,0.3311258278144935,83.12184223932846
,1962-08-01,,6.080855064393459,,,,,,,,,,
0.0,1962-08-31,0.09985419602878132,,-0.09975458688803451,0.0,-23.51936218678825,3.206155819172807,4.108527131783002,5.992756009219535,214.41555261195276,82.4399295185481,0.0,82.4399295185481
,1962-09-01,,6.07664139381552,,,,,,,,,,
0.0,1962-09-30,-0.06929404719102639,,0.3996039522425221,0.3300330033002341,41.39985107967252,3.821062441752132,7.653061224489854,7.494371180443737,220.8733595289246,82.30765995036386,0.3300330033002341,82.30765995036386
,1962-10-01,,6.064572485977968,,,,,,,,,,
0.0,1962-10-31,-0.1986114870927702,,0.19900673733319607,0.0,5.581885202738346,0.3889886295633138,7.420305384409276,5.469977994341746,225.6603626568118,81.49160812686661,0.0,81.49160812686661
,1962-11-01,,6.028657276617795,,,,,,,,,,
0.0,1962-11-30,-0.5922133743675007,,0.5957414348211731,0.0,3.092269326683361,-1.8181818181819298,7.684292784579583,4.471931493815573,231.39296726293173,80.79286959529252,0.0,80.79286959529252
,1962-12-01,,6.004945514241253,,,,,,,,,,
0.0,1962-12-31,-0.39331747167827835,,0.3948705666072527,0.0,-1.0643444605710095,-2.489374620522067,3.6230048137826154,3.4127495170637845,225.3269810879704,80.48533116467328,0.0,80.48533116467328
,1963-01-01,,5.958077197057101,,,,,,,,,,
0.0,1963-01-31,-0.7804952946367294,,0.7866349433556019,0.0,-3.325183374083196,0.8405977584057922,3.426628302380297,5.09409474367295,232.78548927502035,80.28669312058031,0.0,80.28669312058031
,1963-02-01,,5.923403284120895,,,,,,,,,,
0.0,1963-02-28,-0.581964814979774,,0.5853714709777913,0.0,1.163378856854047,3.2726150046310964,2.695763799743367,5.288007554296437,240.85566080790767,79.98943712989059,0.0,79.98943712989059
,1963-03-01,,5.925642892946111,,,,,,,,,,
0.0,1963-03-31,0.03780949426859248,,0.2910278379986364,0.32894736842097316,-10.875000000000224,1.3452914798205429,-9.33367243133274,5.116279069767371,246.92220354642296,80.33623578569525,0.32894736842097316,80.33623578569525
,1963-04-01,,5.914203324463379,,,,,,,,,,
0.0,1963-04-30,-0.19305193865714054,,0.19342535004527317,0.0,14.446002805049286,0.7964601769913093,3.76398779247209,5.495523309663608,250.09517236773272,80.10908733997954,0.0,80.10908733997954
,1963-05-01,,5.891456183707761,,,,,,,,,,
0.0,1963-05-31,-0.3846188490261748,,0.38610387731514706,0.0,4.0686274509802445,0.9950248756218638,6.549560853199532,6.545230009262215,258.4441822411701,79.98616544445845,0.0,79.98616544445845
,1963-06-01,,5.871256648196593,,,,,,,,,,
0.0,1963-06-30,-0.34286150794140546,,0.673037948459454,0.3278688524589235,0.6829957607160875,1.8835120254997673,8.557643473844646,7.064555420219354,261.1713436557321,79.75761484784326,0.3278688524589235,79.75761484784326
,1963-07-01,,5.8680251167476944,,,,,,,,,,
0.0,1963-07-31,-0.055039860161643084,,0.38204752420625265,0.3267973856215356,-11.649122807017598,-6.598407281001228,7.5455580865603,5.2901571016350735,259.0508365150217,78.59102529947606,0.3267973856215356,78.59102529947606
,1963-08-01,,5.845776472855627,,,,,,,,,,
0.0,1963-08-31,-0.3791504543593005,,0.3805934762537877,0.0,-33.174477098226085,2.892813641900216,-6.031273268801096,4.9704877291084415,263.5601144294667,78.39846324261417,0.0,78.39846324261417
,1963-09-01,,5.807247193887258,,,,,,,,,,
0.0,1963-09-30,-0.6590960011433444,,0.663468898119679,0.0,67.07606973058647,4.468777744894914,11.032122169562975,5.625374027528385,265.34111780224185,78.69805615146969,0.0,78.69805615146969
,1963-10-01,,5.81521176767322,,,,,,,,,,
0.0,1963-10-31,0.1371488679583921,,0.18832574443774508,0.32573289902271263,3.6755987668958934,1.643059490085097,9.027431421446375,6.94485842026813,266.5110143927335,79.21124338067929,0.32573289902271263,79.21124338067929
,1963-11-01,,5.798858890537711,,,,,,,,,,
0.0,1963-11-30,-0.2812086264237901,,0.28200163936034084,0.0,0.6633119853612701,-1.81159420289847,6.458635703918514,6.952034001214402,270.9078664692721,78.60037297213925,0.0,78.60037297213925
,1963-12-01,,5.806801901924422,,,,,,,,,,
0.0,1963-12-31,0.13697542114143868,,0.1874431524862663,0.32467532467523874,0.11361054305847329,-2.810105024127385,7.726161369193174,6.600249066002228,273.135790375903,78.72142533312768,0.32467532467523874,78.72142533312768
,1964-01-01,,5.785154725288107,,,,,,,,,,
0.0,1964-01-31,-0.37278999700577353,,0.37418492096141787,0.0,-0.5220154334996563,1.2850467289720946,10.849772382397816,7.070083359061519,274.47209946903837,78.8985637300953,0.0,78.8985637300953
,1964-02-01,,5.77977064658148,,,,,,,,,,
0.0,1964-02-29,-0.0930671513951431,,0.09315384702701657,0.0,2.235911476157848,2.9700115340254074,12.024999999999952,6.7563527653214495,275.73883811792473,78.38257219908672,0.0,78.38257219908672
,1964-03-01,,5.774391548248223,,,,,,,,,,
0.0,1964-03-31,-0.0930676779785089,,0.09315437459187503,0.0,-1.026556572193682,0.4760571268552116,24.403927068723984,5.840707964601899,277.0890612999098,78.95979098603925,0.0,78.95979098603925
,1964-04-01,,5.769027475581841,,,,,,,,,,
0.0,1964-04-30,-0.09289416246824889,,0.09298053595838685,0.0,1.803833145433975,1.6443701226309004,10.661764705882337,6.731050629206781,280.2063737658203,78.98269278406408,0.0,78.98269278406408
,1964-05-01,,5.763668346232811,,,,,,,,,,
0.0,1964-05-31,-0.09289484877152976,,0.09298122353851301,0.0,-0.37652270210418726,0.4661365505895132,5.934997644842244,6.172124022022474,288.44351436490535,78.77984828727267,0.0,78.77984828727267
,1964-06-01,,5.771602971050664,,,,,,,,,,
0.0,1964-06-30,0.13766622819371133,,0.1857027173488568,0.3236245954691741,-0.5113383726099263,1.5829694323145072,4.678362573099459,5.858930602957968,294.0648062602269,77.54455334483097,0.3236245954691741,77.54455334483097
,1964-07-01,,5.774169181478238,,,,,,,,,,
0.0,1964-07-31,0.04446269849893714,,0.27799434287574254,0.3225806451611968,-12.670391061452403,-5.88393336915658,3.4683611331747244,6.668696711327571,297.8995291472333,77.71935482363278,0.3225806451611968,77.71935482363278
,1964-08-01,,5.744983426928836,,,,,,,,,,
0.0,1964-08-31,-0.505453748099749,,0.18484464392056754,-0.3215434083600366,-37.768679631525146,3.9109334855837785,-3.645007923930177,7.7241787511096005,298.1433039838819,78.00819790892562,-0.3215434083600366,78.00819790892562
,1964-09-01,,5.737050491027281,,,,,,,,,,
0.0,1964-09-30,-0.1380845741759673,,0.4613022065247163,0.3225806451611968,79.52302631578938,4.038461538461702,3.5333175243063675,7.280453257790387,299.2965036677538,77.21645003435269,0.3225806451611968,77.21645003435269
,1964-10-01,,5.721291675353373,,,,,,,,,,
0.0,1964-10-31,-0.27468497442291184,,0.27544157103187583,0.0,3.160787906550744,-0.8185899128597351,3.019213174748514,4.6822742474916135,301.7214510724979,76.58314521142098,0.0,76.58314521142098
,1964-11-01,,5.739688111608523,,,,,,,,,,
0.0,1964-11-30,0.3215434083600366,,0.0,0.3215434083600588,0.4884547069271328,0.6389776357828669,2.840263576460078,7.29491910303719,307.1201175462226,79.52625994942909,0.3215434083600588,79.52625994942909
,1964-12-01,,5.739688111608523,,,,,,,,,,
0.0,1964-12-31,0.0,,0.0,0.0,-2.651347768449075,-1.2698412698415207,0.0,8.995327102803707,318.58643988557054,77.92406885495684,0.0,77.92406885495684
,1965-01-01,,5.708323401348293,,,,,,,,,,
0.0,1965-01-31,-0.5464532157556601,,0.5494557342848205,0.0,-2.3377212891509513,1.6613076098608737,-1.8252338580879823,9.40023068050757,322.6209690884602,76.38403978369485,0.0,76.38403978369485
,1965-02-01,,5.703126815176215,,,,,,,,,,
0.0,1965-02-28,-0.09103524461930856,,0.09111819429037382,0.0,3.462700441552391,2.609383236689422,-0.6471769694263552,9.017082049845925,328.02019212573884,74.75754474029827,0.0,74.75754474029827
,1965-03-01,,5.705832838332123,,,,,,,,,,
0.0,1965-03-31,0.04744806215262187,,0.2729352558702658,0.32051282051273056,-1.033243486073654,2.106344721294562,-0.6538895152197299,10.78595317725739,331.6111401760967,73.9816879092528,0.32051282051273056,73.9816879092528
,1965-04-01,,5.713692561284065,,,,,,,,,,
0.0,1965-04-30,0.13774891719822158,,0.1814899003205639,0.31948881789127803,1.3163867453472422,0.0,-1.1295681063121177,8.993693446668471,334.8943085810969,72.87585823319638,0.31948881789127803,72.87585823319638
,1965-05-01,,5.698210566463654,,,,,,,,,,
0.0,1965-05-31,-0.2709630358013526,,0.2716992403111407,0.0,-0.26881720430109723,0.7798742138364512,-1.0226767452198637,9.33406113537114,341.79625321415455,72.07055623326181,0.0,72.07055623326181
,1965-06-01,,5.642751944248649,,,,,,,,,,
0.0,1965-06-30,-0.9732638267424321,,1.6260320839868614,0.6369426751597684,2.178796046720599,2.396405391912304,1.6536312849163348,10.209564750134392,342.3706268018745,73.66807349140248,0.6369426751597684,73.66807349140248
,1965-07-01,,5.693360073966519,,,,,,,,,,
0.0,1965-07-31,0.8968696518629082,,-0.8888974008385842,0.0,-13.189712024620913,-5.436372501218944,1.0491299897644524,10.733656865544084,344.7365784698955,72.75106680314268,0.0,72.75106680314268
,1965-08-01,,5.708717602557913,,,,,,,,,,
0.0,1965-08-31,0.26974455140502673,,-0.26901888761344805,0.0,-33.780703975690095,3.0935808197989356,7.524671052631504,9.862637362637638,345.76566448122713,74.08217539038218,0.0,74.08217539038218
,1965-09-01,,5.693360073966519,,,,,,,,,,
0.0,1965-09-30,-0.26901888761343695,,0.26974455140502673,0.0,71.12810707456991,3.3508377094273456,2.4965643609711874,9.136519672564125,347.7136369201999,73.47831573633955,0.0,73.47831573633955
,1965-10-01,,5.701150658213811,,,,,,,,,,
0.0,1965-10-31,0.13683631714977995,,0.17937393037241733,0.3164556962024445,4.849162011173314,2.322767965158379,4.1740674955595525,12.593184238551558,347.994144951412,73.09599592441471,0.3164556962024445,73.09599592441471
,1965-11-01,,5.69096083597103,,,,,,,,,,
0.0,1965-11-30,-0.17873273052519956,,0.17905275640581753,0.0,0.9803921568626972,-1.6315913927640202,4.684047724259877,10.052910052910091,352.4922915947772,72.66833990007338,0.0,72.66833990007338
,1965-12-01,,5.688578689772548,,,,,,,,,,
0.0,1965-12-31,-0.04185841841372051,,0.3574654610512207,0.3154574132491428,-0.12663571127057294,-1.634615384615612,7.399001361779578,9.646302250803917,353.04941171232343,72.2107713232098,0.3154574132491428,72.2107713232098
,1966-01-01,,5.668388332836951,,,,,,,,,,
0.0,1966-01-31,-0.354927971232899,,0.35619219697129445,0.0,-4.459002535925527,1.4173998044966662,5.0662328607948615,9.383236689509665,353.9682981399646,71.15682123043415,0.0,71.15682123043415
,1966-02-01,,5.69393389190099,,,,,,,,,,
0.0,1966-02-28,0.4506670602656637,,0.1774639856172433,0.6289308176099073,5.065251050652431,2.7951807228917325,6.693620844564219,9.58129976881603,355.5545042688425,69.929004426123,0.6289308176099073,69.929004426123
,1966-03-01,,5.7016270253391275,,,,,,,,,,
0.0,1966-03-31,0.13511104245660377,,0.17714960886006104,0.3124999999999156,0.0,2.0159399906232833,7.807535179300906,9.484276729559781,359.6190879036477,70.22859733497852,0.3124999999999156,70.22859733497852
,1966-04-01,,5.716931954349724,,,,,,,,,,
0.0,1966-04-30,0.2684309047676914,,0.35367268793757844,0.6230529595014023,-0.4842105263158758,-0.16084558823514783,5.891577060931774,9.30817610062913,366.1748500061222,69.7051276658394,0.6230529595014023,69.7051276658394
,1966-05-01,,5.696854742667695,,,,,,,,,,
0.0,1966-05-31,-0.3511885718134766,,0.3524262525364419,0.0,0.10577533319238164,0.7134637514384146,6.289308176100605,9.236145781328208,370.2193973529837,69.66119360432236,0.0,69.66119360432236
,1966-06-01,,5.7195112793243235,,,,,,,,,,
0.0,1966-06-30,0.3977025513207666,,-0.08775602016922734,0.30959752322041734,2.789518174133465,2.262340036562982,6.924598812925775,9.093125304729321,375.6175072631544,69.91030908079661,0.30959752322041734,69.91030908079661
,1966-07-01,,5.7170687649105245,,,,,,,,,,
0.0,1966-07-31,-0.042704949680372195,,0.3514970316194299,0.30864197530855453,-11.410361842105154,-6.189944134078241,9.116231957457721,8.223769012632044,383.87524071373707,70.80020751833312,0.30864197530855453,70.80020751833312
,1966-08-01,,5.7472204460033,,,,,,,,,,
0.0,1966-08-31,0.5273975586551627,,0.08752544964465425,0.6153846153844622,-37.17799953585514,3.5731300619344264,3.5181644359467468,8.727181795448935,386.4376593163173,70.17578298443145,0.6153846153844622,70.17578298443145
,1966-09-01,,5.732172882040454,,,,,,,,,,
0.0,1966-09-30,-0.2618233301510009,,0.26251064426179305,0.0,76.50535648319148,4.645814167433238,6.770949720670449,10.08952334865716,382.809978071396,69.52798926887178,0.0,69.52798926887178
,1966-10-01,,5.757184510627519,,,,,,,,,,
0.0,1966-10-31,0.43633765243593636,,0.17452163904814189,0.6116207951068819,1.3185433235664012,1.0549450549450112,3.1756180733162775,8.72546701347845,380.75236261228673,69.54481507966554,0.6116207951068819,69.54481507966554
,1966-11-01,,5.742181019238769,,,,,,,,,,
0.0,1966-11-30,-0.2606046646768667,,0.26128558710498684,0.0,2.251600908903151,-2.675076120052211,4.4744617982271695,7.572115384615197,377.5254071262397,68.77596900311744,0.0,68.77596900311744
,1966-12-01,,5.727250875000648,,,,,,,,,,
0.0,1966-12-31,-0.26000824752997476,,0.2606860527673449,0.0,-0.22222222222230137,-2.5251396648043767,4.374471682163961,6.598240469208383,374.7214399412269,69.5546301359619,0.0,69.5546301359619
,1967-01-01,,5.702545233955229,,,,,,,,,,
0.0,1967-01-31,-0.43136998159549744,,0.43323884391675005,0.0,-3.3610042518727234,0.6189821182944755,5.573988055739898,5.759036144578511,374.22164586974185,66.3488457961179,0.0,66.3488457961179
,1967-02-01,,5.697631501637192,,,,,,,,,,
0.0,1967-02-28,-0.08616735363674577,,0.08624166579789261,0.0,1.5503875968991387,1.0480747322850315,2.0421052631579117,3.9615564932018454,374.5555840021372,65.42202405156175,0.0,65.42202405156175
,1967-03-01,,5.700205176070947,,,,,,,,,,
0.0,1967-03-31,0.04517095275493599,,0.25866357422523745,0.30395136778107457,0.47452032184864823,-0.15783540022533682,2.5263157894737986,1.7463235294119306,373.98900230417314,64.75413283977622,0.30395136778107457,64.75413283977622
,1967-04-01,,5.712568855209721,,,,,,,,,,
0.0,1967-04-30,0.21689884410960314,,0.08594504511119094,0.30303030303022727,-0.9445585215605456,0.5645889792230685,2.0520414639308315,2.485615650172579,374.6913855093113,64.99296587632094,0.30303030303022727,64.99296587632094
,1967-05-01,,5.719999099326451,,,,,,,,,,
0.0,1967-05-31,0.13006835112285842,,0.17182296520541485,0.30211480362596355,-1.533996683250538,-0.8084437457892557,0.380388841927326,0.9369287020110528,370.8126941015395,65.1649630533238,0.30211480362596355,65.1649630533238
,1967-06-01,,5.7372280122762245,,,,,,,,,,
0.0,1967-06-30,0.30120481927702336,,0.0,0.30120481927704557,4.210526315789509,2.286619877744922,1.768092105263297,0.9608938547486234,372.22692209223374,66.71574194814845,0.30120481927704557,66.71574194814845
,1967-07-01,,5.739686843799732,,,,,,,,,,
0.0,1967-07-31,0.04285748306056547,,0.2573325309937813,0.3003003003002158,-13.414141414141312,-6.573705179282885,-0.5337665351588305,0.547879942829943,374.5138417355878,66.47877844613637,0.3003003003002158,66.47877844613637
,1967-08-01,,5.737240079171997,,,,,,,,,,
0.0,1967-08-31,-0.04262888715572677,,0.34217595056027506,0.2994011976046984,-34.32104526364903,5.472636815920384,3.9896564462506223,2.391904323826899,374.9485178712557,68.26044485574204,0.2994011976046984,68.26044485574204
,1967-09-01,,5.734809945212259,,,,,,,,,,
0.0,1967-09-30,-0.04235719485681244,,0.3410090994320214,0.29850746268649253,73.39253996447555,2.92003593890402,2.155713687735483,0.703296703296763,375.6998786691452,68.4651588870661,0.29850746268649253,68.4651588870661
,1967-10-01,,5.722704897662413,,,,,,,,,,
0.0,1967-10-31,-0.21108018688485997,,0.5097752690945478,0.29761904761895774,1.4136447449293765,0.6329113924051111,2.251600908903151,0.2827316224446763,376.866435878313,69.76495277088387,0.29761904761895774,69.76495277088387
,1967-11-01,,5.696351507499793,,,,,,,,,,
0.0,1967-11-30,-0.46050583830357095,,0.7607450185731279,0.2967359050444429,2.3030303030304067,-0.36868358273693946,2.3030303030304067,2.6592178770951325,392.95446197001235,72.15281575269798,0.2967359050444429,72.15281575269798
,1967-12-01,,5.708413392812702,,,,,,,,,,
0.0,1967-12-31,0.21174755976747228,,0.08393270294779764,0.29585798816560427,1.4810426540283084,-1.71963430561618,4.049402713099859,3.5075653370012727,389.25442746307203,69.31392756488454,0.29585798816560427,69.31392756488454
,1968-01-01,,5.68490818428119,,,,,,,,,,
0.0,1968-01-31,-0.41176430146256937,,1.005876643874215,0.5899705014754231,-2.899396769799556,0.19933554817279653,4.546406871988173,3.075871496923943,386.04138606587486,68.33148716798235,0.5899705014754231,68.33148716798235
,1968-02-01,,5.696853961766085,,,,,,,,,,
0.0,1968-02-29,0.21013140577934575,,0.08294942339590605,0.2932551319647203,2.745490981963905,2.6083112290009813,5.7767691355477435,4.667418263810741,384.9349377205383,69.12510457708791,0.2932551319647203,69.12510457708791
,1968-03-01,,5.708775523470318,,,,,,,,,,
0.0,1968-03-31,0.20926570672590294,,0.0829583507138354,0.29239766081863294,1.5603666861711663,0.8832399827658932,6.919917864476188,5.758807588075698,384.3789307301001,65.0901816720182,0.29239766081863294,65.0901816720182
,1968-04-01,,5.711226014132395,,,,,,,,,,
0.0,1968-04-30,0.04292497843016996,,0.24851353669208542,0.2915451895042942,0.0,-0.5124919923124693,7.939469320066106,4.626094767572453,384.94161648318624,64.68449267843539,0.2915451895042942,64.68449267843539
,1968-05-01,,5.708955659311449,,,,,,,,,,
0.0,1968-05-31,-0.039752494741540634,,0.33058158358669765,0.29069767441853855,-32.9556366429805,1.4166130070830896,-26.50526315789469,6.973058637083973,367.7031735253849,67.06160583668681,0.29069767441853855,67.06160583668681
,1968-06-01,,5.723193569874,,,,,,,,,,
0.0,1968-06-30,0.2493960614202262,,0.3294923425820828,0.5797101449273923,26.55399598968775,2.603174603174385,-10.747474747474739,7.304116865869759,307.0744793347952,65.72629079674887,0.5797101449273923,65.72629079674887
,1968-07-01,,5.737338269035307,,,,,,,,,,
0.0,1968-07-31,0.24714696416634485,,0.32841025593723927,0.576368876081168,6.337709370755951,-6.373762376237446,9.612692487167362,7.533759772565873,269.9333236862317,67.1433979724898,0.576368876081168,67.1433979724898
,1968-08-01,,5.725664456318197,,,,,,,,,,
0.0,1968-08-31,-0.203470880915535,,0.4910028800903188,0.2865329512893311,-34.09961685823751,2.9962546816478364,9.982238010657007,5.008984725965893,256.0748911918252,67.42943675598367,0.2865329512893311,67.42943675598367
,1968-09-01,,5.704857958975618,,,,,,,,,,
0.0,1968-09-30,-0.3633900921249267,,0.6514717616740384,0.2857142857142003,65.05167958656304,3.9786096256684944,4.6916615447653465,6.089044085552087,243.44702071529545,68.39645349299158,0.2857142857142003,68.39645349299158
,1968-10-01,,5.677649502329238,,,,,,,,,,
0.0,1968-10-31,-0.4769348657238992,,1.0517516056323784,0.5698005698004049,7.7299412915851295,0.34972227936638234,11.212121212121072,5.790500975927015,237.81292785823211,67.43177367414947,0.5698005698004049,67.43177367414947
,1968-11-01,,5.675557001382579,,,,,,,,,,
0.0,1968-11-30,-0.0368550567589776,,0.3202592074517785,0.28328611898011946,2.597638510445055,-0.4715047150471774,11.532385466034501,5.681323465389498,221.83788416799314,73.19087480194618,0.28328611898011946,73.19087480194618
,1968-12-01,,5.677997077717783,,,,,,,,,,
0.0,1968-12-31,0.042992720090895276,,0.23939023524148784,0.2824858757061399,0.3009915014164921,-2.863027806385088,10.235454368554176,4.451827242525019,233.80511370593408,73.42550138579247,0.2824858757061399,73.42550138579247
,1969-01-01,,5.631222424266096,,,,,,,,,,
0.0,1969-01-31,-0.8237879099171175,,1.114660489107977,0.28169014084500343,-3.336275375110287,0.9754028837996254,9.739478957915848,5.260831122899945,234.64218529113842,72.2294666685362,0.28169014084500343,72.2294666685362
,1969-02-01,,5.645078559818478,,,,,,,,,,
0.0,1969-02-28,0.2460591059708861,,0.3149636500970443,0.5617977528094675,0.9495982468955111,3.0029399412011992,7.821338014433388,5.665661352864926,229.6336698687623,72.44165883799081,0.5617977528094675,72.44165883799081
,1969-03-01,,5.6657003850136745,,,,,,,,,,
0.0,1969-03-31,0.3653062570640353,,0.4709621156744115,0.8379888268154057,0.0,1.2844036697247985,6.164778183214992,6.08584240871235,221.89799303182429,73.65218244787503,0.8379888268154057,73.65218244787503
,1969-04-01,,5.670508545118316,,,,,,,,,,
0.0,1969-04-30,0.08486435529417857,,0.4687544597541393,0.5540166204984764,3.418958031837893,-0.9057971014492239,9.794507393892893,5.666452028332136,210.09995881429697,74.53647228181364,0.5540166204984764,74.53647228181364
,1969-05-01,,5.659723356428597,,,,,,,,,,
0.0,1969-05-31,-0.1901979091276207,,0.46656740423900445,0.2754820936638369,-0.2973587545914702,-0.22344099126545558,63.276997994843875,3.9576719576718267,202.41325957011034,75.10808246516824,0.2754820936638369,75.10808246516824
,1969-06-01,,5.673256310926582,,,,,,,,,,
0.0,1969-06-30,0.2391098229671096,,0.3096004414165243,0.5494505494510138,-0.10526315789474161,3.236970684039009,28.881846989588066,4.599834983498385,200.9661943297305,75.04825736012376,0.5494505494510138,75.04825736012376
,1969-07-01,,5.677970563764897,,,,,,,,,,
0.0,1969-07-31,0.08309606652594503,,0.46296731327892804,0.5464480874315392,-10.361784334387048,-5.975152829816643,8.641975308642058,5.045164133068747,200.07624920689696,74.48132101310075,0.5464480874315392,74.48132101310075
,1969-08-01,,6.407663202059088,,,,,,,,,,
12.499949365107966,1969-08-31,12.851293082617765,,0.23045287623624233,0.5434782608694455,-37.77429467084647,3.94295302013421,2.5839793281652756,6.010695187165638,210.48398766655163,75.69324677388447,0.5434782608694455,75.69324677388447
,1969-09-01,,6.3907035609047576,,,,,,,,,,
0.0,1969-09-30,-0.2646774747599223,,0.53636738868994,0.2702702702702009,74.0554156171288,3.1073446327683607,8.18003913894354,5.122402797778047,222.95935972928746,78.25497646723407,0.2702702702702009,78.25497646723407
,1969-10-01,,6.386214101703024,,,,,,,,,,
0.0,1969-10-31,-0.0702498427434195,,0.609761757371019,0.539083557951936,6.928364688856714,-0.09784735812127243,7.375113533151945,4.653546535465258,217.78331867715974,76.2573788191085,0.539083557951936,76.2573788191085
,1969-11-01,,6.3914044302181345,,,,,,,,,,
0.0,1969-11-30,0.08127395092698553,,0.4545496481055178,0.5361930294904615,-2.1316190153951142,-2.8795298726739693,2.4256373937678655,2.121524201853564,222.01320168750073,74.78278345648891,0.5361930294904615,74.78278345648891
,1969-12-01,,6.406166955835058,,,,,,,,,,
0.0,1969-12-31,0.23097467509842762,,0.301661895651395,0.533333333333208,0.8988764044943531,-3.3481242436464553,3.0361871138570917,1.6115351993213567,213.33081024522193,79.28508999471856,0.533333333333208,79.28508999471856
,1970-01-01,,6.370473078982817,,,,,,,,,,
0.0,1970-01-31,-0.5571799345586714,,0.8270400250186771,0.2652519893898475,0.0,-1.565108514190372,6.592403214024856,-0.9449811003779396,225.43495441744494,81.30853395775786,0.2652519893898475,81.30853395775786
,1970-02-01,,6.384612943648345,,,,,,,,,,
0.0,1970-02-28,0.221959413221251,,0.3064608970702487,0.5291005291003792,3.135172177488399,2.5015899936401187,8.900144717800318,-1.4271151885829725,229.44221200618898,82.58495865991765,0.5291005291003792,82.58495865991765
,1970-03-01,,6.398671112626342,,,,,,,,,,
0.0,1970-03-31,0.2201882729944149,,0.305454940521388,0.5263157894741299,-0.18272425249159507,0.2688728024817788,8.701157742402454,-2.4154589371980895,229.66483742778587,81.09400487013745,0.5263157894741299,81.09400487013745
,1970-04-01,,6.4163523660033315,,,,,,,,,,
0.0,1970-04-30,0.2763269601730123,,0.5076106887770937,0.7853403141359294,1.414544849392585,-0.7013201320131834,6.594367675354351,-2.2140970952671646,233.6142124069147,79.07528148179306,0.7853403141359294,79.07528148179306
,1970-05-01,,6.407130115515162,,,,,,,,,,
0.0,1970-05-31,-0.14373042442358264,,0.40405142899755386,0.2597402597401821,-3.7413849688217815,0.04154549231425442,2.912280701754444,-1.9543973941367199,239.73641150082926,75.55205017830686,0.2597402597401821,75.55205017830686
,1970-06-01,,6.414514045578422,,,,,,,,,,
0.0,1970-06-30,0.11524551445238895,,0.4024254233239821,0.5181347150257531,1.1592226389361748,2.0348837209300807,4.214963119072701,-3.0960362847564538,247.52830125672048,76.31575503489019,0.5181347150257531,76.31575503489019
,1970-07-01,,6.434680845191219,,,,,,,,,,
0.0,1970-07-31,0.3143932567533758,,0.2004404893903855,0.5154639175262155,-11.661611054937682,-5.820105820105869,2.7037617554858118,-2.936241610738266,259.2161358905573,75.08700346331271,0.5154639175262155,75.08700346331271
,1970-08-01,,6.409048351141118,,,,,,,,,,
0.0,1970-08-31,-0.3983491126721028,,0.3999422791924667,0.0,-35.9214040442578,3.3059636992222696,5.761964735516623,-3.531073446327526,262.3328917929138,73.82693718831355,0.0,73.82693718831355
,1970-09-01,,6.4163514161941055,,,,,,,,,,
0.0,1970-09-30,0.11394928939312265,,0.39841722982505434,0.5128205128203778,74.27805894611477,2.2171093913407436,5.897250361794448,-4.363992172211162,264.0025824548905,72.57388166781176,0.5128205128203778,72.57388166781176
,1970-10-01,,6.423596747946969,,,,,,,,,,
0.0,1970-10-31,0.11291980882743857,,0.39683616616486006,0.5102040816325148,4.304748889648113,-2.312257008389751,3.2989341904922753,-6.48383937316358,266.28449302625864,70.66789121178554,0.5102040816325148,70.66789121178554
,1970-11-01,,6.430785028307401,,,,,,,,,,
0.0,1970-11-30,0.1119042904231149,,0.3952676013701417,0.5076142131978489,0.09826400262038515,-2.702136573104119,5.652549697493581,-6.3130294473575095,275.9130425103242,69.59477839005034,0.5076142131978489,69.59477839005034
,1970-12-01,,6.4442338941025845,,,,,,,,,,
0.0,1970-12-31,0.20913256680146208,,0.29530036900742296,0.505050505050364,1.5870418848167755,-0.9257265877287479,6.373136885386432,-3.964941569282021,276.0800115765219,67.70935281388316,0.505050505050364,67.70935281388316
,1971-01-01,,6.406512686153541,,,,,,,,,,
0.0,1971-01-31,-0.5853482131299326,,0.588794712458296,0.0,-3.140602351425481,1.2820512820511887,3.032379647078942,-1.1871952512189088,297.53553658292236,68.70067349981538,0.0,68.70067349981538
,1971-02-01,,6.391431963625782,,,,,,,,,,
0.0,1971-02-28,-0.23539674806785094,,0.48780129786758497,0.2512562814075192,3.724642500831443,2.596009440034175,3.621262458471808,-1.0961737331955934,300.7636051960773,67.92855573783517,0.2512562814075192,67.92855573783517
,1971-03-01,,6.382662883228153,,,,,,,,,,
0.0,1971-03-31,-0.13720055924141272,,0.38835995769122,0.2506265664159901,0.9939083039435026,0.167294019239006,4.842735896155648,-1.1963696369635346,305.5778799381101,67.03024439490177,0.2506265664159901,67.03024439490177
,1971-04-01,,6.361705536265571,,,,,,,,,,
0.0,1971-04-30,-0.32834801627470434,,0.5802532663641058,0.24999999999992806,-0.9047619047617861,0.1670146137786599,2.4450278962914407,-0.33236393851258095,309.53282055277896,66.86918399491486,0.24999999999992806,66.86918399491486
,1971-05-01,,6.350687532197958,,,,,,,,,,
0.0,1971-05-31,-0.1731926132827688,,0.6731115099039231,0.49875311720684046,-4.036520903411822,0.7086285952480065,2.130923968632792,0.3322259136211647,313.20614000912764,64.548063395916,0.49875311720684046,64.548063395916
,1971-06-01,,6.37361662109963,,,,,,,,,,
0.0,1971-06-30,0.3610489224264546,,0.38198878463180375,0.7444168734489498,3.071273577032274,2.6490066225165254,4.0613414223122035,0.9361009361009698,314.70886160490664,63.11506517664765,0.7444168734489498,63.11506517664765
,1971-07-01,,6.3590629564840775,,,,,,,,,,
0.0,1971-07-31,-0.2283423287082087,,0.4757340496347462,0.24630541871915046,-10.850202429149869,-6.491935483870925,5.017169019458301,0.21607605877280722,342.42572659371973,62.080277812831554,0.24630541871915046,62.080277812831554
,1971-08-01,,6.350631114586381,,,,,,,,,,
0.0,1971-08-31,-0.13259566630172692,,0.3787981819757924,0.24570024570071958,-36.3851044504995,3.3850797757654094,4.257219410538804,0.2928257686676039,424.570611218095,56.68339900073379,0.24570024570071958,56.68339900073379
,1971-09-01,,6.320816155640193,,,,,,,,,,
0.0,1971-09-30,-0.46948025177699915,,0.47169476554991263,0.0,78.75499714448888,4.567257559958238,6.935428766655338,2.598731328012982,406.84628827765846,56.69461620792963,0.0,56.69461620792963
,1971-10-01,,6.300807856910168,,,,,,,,,,
0.0,1971-10-31,-0.31654612691386363,,0.5634276746114164,0.2450980392156188,3.0191693290734456,0.5185480654168462,5.6174254831313775,5.57184750733144,404.74915680621575,56.76794869997243,0.2450980392156188,56.76794869997243
,1971-11-01,,6.277366361304136,,,,,,,,,,
0.0,1971-11-30,-0.37203952474640367,,0.37342882758180096,0.0,2.3104357264692066,-1.9047619047618203,7.951570680628262,6.437029063509092,417.0820485991295,56.69503685319947,0.0,56.69503685319947
,1971-12-01,,6.094519609584233,,,,,,,,,,
-2.9358699984220027,1971-12-31,-2.9127940157680388,,0.4651130241824619,0.48899755501208286,0.09093664746895325,-2.69012944983833,6.361732968271849,4.5415036940458675,459.33410372801677,57.556262363266455,0.48899755501208286,57.556262363266455
,1972-01-01,,5.832379723537717,,,,,,,,,,
-4.035387242176702,1972-01-31,-4.301239520737199,,0.27780117237579116,0.0,-1.4839491217443546,1.2887133652046634,8.180911207183428,4.548380175927735,468.07468947242387,61.152616153433634,0.0,61.152616153433634
,1972-02-01,,5.733258204723929,,,,,,,,,,
-1.633587786342816,1972-02-29,-1.6995038648420668,,0.5540000025258562,0.48661800486606843,0.7070396557024017,3.2013133593270737,5.03366463610142,5.165202843998462,471.67190707490175,58.58569175522792,0.48661800486606843,58.58569175522792
,1972-03-01,,5.667515444802662,,,,,,,,,,
-0.9326947315821621,1972-03-31,-1.1466910711800393,,0.45913359336864357,0.2421307506052628,1.7551892551892712,1.0936567906145056,5.825396825397022,6.1377870563674275,471.35839027304894,58.306864091518385,0.2421307506052628,58.306864091518385
,1972-04-01,,5.655660675338228,,,,,,,,,,
-0.08563368930504245,1972-04-30,-0.2091704836076902,,0.3656406556899805,0.24154589371974122,-0.4349782510875033,1.2981904012588918,6.327086336697096,7.3363901625678185,471.2417901903542,58.29538488856172,0.24154589371974122,58.29538488856172
,1972-05-01,,5.612465032853491,,,,,,,,,,
-0.46129161654940853,1972-05-31,-0.7637594432263972,,0.5464940358405723,0.24096385542216048,-0.6025911419102026,-0.019417475728233935,10.131864463361717,6.560430463576172,471.7783191490038,62.3700861978678,0.24096385542216048,62.3700861978678
,1972-06-01,,5.597511507556624,,,,,,,,,,
0.03511059838654518,1972-06-30,-0.2664341819384797,,0.5434617640917905,0.24038461538453681,-0.16671718702627736,2.2140221402213944,6.672064777328002,6.108870967741975,523.0813631995826,62.342417168007124,0.24038461538453681,62.342417168007124
,1972-07-01,,5.564329543020149,,,,,,,,,,
-0.2651325662963999,1972-07-31,-0.5927985050442452,,0.810817138555131,0.47961630695430024,-13.465917716714726,-6.118183545506328,3.5422343324252203,6.532988357050495,552.3221173946871,61.17860528052085,0.47961630695430024,61.17860528052085
,1972-08-01,,5.548973559802356,,,,,,,,,,
0.020014009807889366,1972-08-31,-0.27597185067975705,,0.5361768081680651,0.23866348448682295,-29.017543859649187,4.735883424408005,15.533980582524265,7.924921793534967,554.3682989335268,61.335459288726234,0.23866348448682295,61.335459288726234
,1972-09-01,,5.530282217659325,,,,,,,,,,
0.04505180958338517,1972-09-30,-0.33684323671019367,,0.6221933668776325,0.23809523809517064,63.34651507661895,3.6328502415458708,5.575079872204491,6.960510570402945,557.6277866020682,61.77314410587408,0.23809523809517064,61.77314410587408
,1972-10-01,,5.527543709810174,,,,,,,,,,
0.356676378999099,1972-10-31,-0.04951841047833305,,0.8833860352264411,0.4750593824226712,4.766227871084916,1.696811486108496,7.365483020623453,8.21428571428573,557.4259601787071,62.22028341317648,0.4750593824226712,62.22028341317648
,1972-11-01,,5.525452318362077,,,,,,,,,,
0.3377186350289385,1972-11-30,-0.037835819269693705,,0.6129913932082065,0.23640661938579832,1.8197573656844934,-0.25669233590024376,6.850560775992753,10.032362459546862,557.6018029607401,62.19170630773099,0.23640661938579832,62.19170630773099
,1972-12-01,,5.560726830871041,,,,,,,,,,
0.9258788167065379,1972-12-31,0.6384004507964169,,0.5221775153563257,0.2358490566036986,1.3049645390071918,-1.452205882352875,8.146577831617318,11.432134691332552,557.3786699522135,61.462454381592565,0.2358490566036986,61.462454381592565
,1973-01-01,,5.569843970767976,,,,,,,,,,
-0.07117075390541405,1973-01-31,0.16395590314417507,,0.0,0.23529411764700026,-1.932231867824219,0.7088229807870272,7.654472794343681,10.794171967986955,557.0938983068669,61.00917243400076,0.23529411764700026,61.00917243400076
,1973-02-01,,5.24372766728871,,,,,,,,,,
-6.270548435044077,1973-02-28,-5.855034812300142,,0.25976209889175816,0.7042253521124975,3.183894917190133,3.4821263196888053,10.302197802197766,11.095645257506348,592.2025552329497,61.67417411501796,0.7042253521124975,61.67417411501796
,1973-03-01,,4.979662031713502,,,,,,,,,,
-5.425623000560032,1973-03-31,-5.035838097056333,,0.5181191089271842,0.9324009324011895,0.08302200083021294,0.2863790943262279,8.489575521223891,10.208497246262738,622.3286162970435,61.7012377671303,0.9324009324011895,61.7012377671303
,1973-04-01,,5.032549606160967,,,,,,,,,,
1.0565144132727688,1973-04-30,1.062071564508682,,0.68730379850237,0.6928406466510939,-3.0830913866997878,-0.7139032661074407,5.6040976197650805,8.019417475728075,637.8951171267963,61.56744183699856,0.6928406466510939,61.56744183699856
,1973-05-01,,4.9342254903074485,,,,,,,,,,
-1.709860794132323,1973-05-31,-1.9537634707693319,,0.9385479815439579,0.6880733944952366,4.07988587731809,0.6651087542692835,10.578963322218904,8.758982326665365,646.0881428770217,61.62400261456461,0.6880733944952366,61.62400261456461
,1973-06-01,,4.692861278358153,,,,,,,,,,
-4.818507157669494,1973-06-30,-4.891633193971767,,0.7607837922993799,0.683371298405766,-1.0964912280702621,2.178571428571363,9.549111887050099,8.721261637849098,645.1590419562931,61.615930880367074,0.683371298405766,61.615930880367074
,1973-07-01,,4.440542969833806,,,,,,,,,,
-4.798215372329951,1973-07-31,-5.376641105671531,,0.8389201098132792,0.2262443438913575,-13.955099778270451,-4.840964697657979,8.92982456140341,10.200364298725084,645.5992404549239,61.63792009770841,0.2262443438913575,61.63792009770841
,1973-08-01,,4.7061565160736105,,,,,,,,,,
4.794491431121606,1973-08-31,5.981555590030596,,0.6655753915762341,1.8058690744921169,-27.927202448059298,1.8365472910927494,10.603064755313829,7.149758454106414,625.402838519502,61.66385609765,1.8058690744921169,61.66385609765
,1973-09-01,,4.6862508218964205,,,,,,,,,,
0.2599505710501493,1973-09-30,-0.42297135909532546,,0.9090729253506069,0.22172949002210451,56.402234636871555,3.5707844905318753,5.901044030866931,7.085586425508139,624.6243209517849,61.68528148890571,0.22172949002210451,61.68528148890571
,1973-10-01,,4.628213447132535,,,,,,,,,,
-1.062484189268309,1973-10-31,-1.2384607006672987,,1.0647158358628062,0.8849557522121687,5.143591941706016,1.2885251610656123,6.2824956672443255,6.655665566556679,564.1494021909069,67.15116238038905,0.8849557522121687,67.15116238038905
,1973-11-01,,4.827342359129967,,,,,,,,,,
4.544452770509211,1973-11-30,4.302500614374316,,0.8913924432264908,0.6578947368424126,2.568283734202992,-0.8767405879318901,7.063829787234055,5.992647058823586,475.8551346922226,67.17597072815893,0.6578947368424126,67.17597072815893
,1973-12-01,,5.034236976023761,,,,,,,,,,
4.274486372398756,1973-12-31,4.285890693095218,,0.6425876650416384,0.6535947712416723,-3.789083200847887,-3.2778355879292786,1.6802016241948214,4.02909904868487,474.67493729503155,67.20021524984318,0.6535947712416723,67.20021524984318
,1974-01-01,,5.458787245161384,,,,,,,,,,
9.304194926365362,1974-01-31,8.433259521941473,,1.6759544797097625,0.8658008658011029,2.836684109060883,-0.39447731755417603,6.624785836664793,2.8894239674015054,460.9418969421324,68.07626820565767,0.8658008658011029,68.07626820565767
,1974-02-01,,5.380042881064717,,,,,,,,,,
-1.396938623936017,1974-02-28,-1.442524878881568,,1.3344026591427083,1.287553648068318,2.7584359935725944,1.5481548154815616,6.185139061851497,0.9665294433508276,451.2811333033138,68.43971360147927,1.287553648068318,68.43971360147927
,1974-03-01,,5.241745005359094,,,,,,,,,,
-2.675730402211751,1974-03-31,-2.570571996598159,,1.1618815138306982,1.271186440678096,-2.4628616106334045,0.4431838326537374,3.4840315221899676,1.124397644119246,452.2876475555968,68.18312734482816,1.271186440678096,68.18312734482816
,1974-04-01,,5.231071144733172,,,,,,,,,,
0.9785307434388768,1974-04-30,-0.20363181755330695,,1.6079411535222077,0.4184100418408887,0.30728122912497824,-1.0589481115425348,7.104136947218276,0.7729642279345805,452.209764242561,68.43442463121514,0.4184100418408887,68.43442463121514
,1974-05-01,,5.23361258852936,,,,,,,,,,
0.0048685491725875,1974-05-31,0.04858362132480476,,1.20575998284842,1.2500000000001288,-0.07991475759191458,1.4805565465572768,2.8234649122807154,1.5892857142857597,453.24048274926474,69.49751956118098,1.2500000000001288,69.49751956118098
,1974-06-01,,5.2521564434137655,,,,,,,,,,
0.6468051744731307,1974-06-30,0.35432226919218657,,1.1168942670373605,0.8230452674895083,-0.6131698213809544,1.8105115134470218,3.3259423503327223,1.2233484795526994,454.6032292337093,69.85617271708054,0.8230452674895083,69.85617271708054
,1974-07-01,,5.086015410615706,,,,,,,,,,
-2.7449485323458367,1974-07-31,-3.1632917752555056,,1.2518620806352354,0.8163265306124767,-12.580472103004315,-4.9205801104971965,4.976646803027895,1.138659320477431,462.4395247199895,69.69581199197455,0.8163265306124767,69.69581199197455
,1974-08-01,,5.124517386837371,,,,,,,,,,
0.344299923505309,1974-08-31,0.7570165072898316,,0.7999840838778027,1.2145748987855587,-28.797177048174284,1.3800617396040549,3.709497206703971,0.6853020739403304,472.4547298556263,72.2581448657618,1.2145748987855587,72.2581448657618
,1974-09-01,,5.150436815729646,,,,,,,,,,
0.38884354567700896,1974-09-30,0.5057925836850607,,1.0822431788039433,1.199999999999668,52.40249946132285,2.471789360558918,1.0572938991283864,-0.3830750478843292,477.8275367206692,74.28212337033563,1.199999999999668,74.28212337033563
,1974-10-01,,5.066013378052008,,,,,,,,,,
-1.4197151058357949,1974-10-31,-1.6391510215173377,,1.2134395088835292,0.9881422924902905,3.5628446203874065,0.01747946163246361,-0.4620192961001135,-1.6331442324222567,497.9514310009005,74.26583447015474,0.9881422924902905,74.26583447015474
,1974-11-01,,4.999430281764178,,,,,,,,,,
-1.1831275720718737,1974-11-30,-1.314309523466617,,0.9167484560494765,0.7827788649704459,-1.8020477815699043,-4.508912967493761,-4.703232644409128,-5.2375997225112325,500.1570980006422,74.02983774307266,0.7827788649704459,74.02983774307266
,1974-12-01,,4.8325203996070805,,,,,,,,,,
-3.279207562679487,1974-12-31,-3.3385780529016307,,0.838597167016486,0.7766990291264264,-3.1836507715835682,-5.52708638360172,-4.103552740292038,-7.441276672045783,489.04520723766154,74.23850376070565,0.7766990291264264,74.23850376070565
,1975-01-01,,4.6336322997885375,,,,,,,,,,
-3.424627615577791,1975-01-31,-4.115618422111867,,1.108783537206448,0.38535645472053126,-2.1395749569213085,-1.6079039132119388,-8.743974290305434,-8.568856885688515,1214.8136447871757,74.53840049805007,0.38535645472053126,74.53840049805007
,1975-02-01,,4.5357953638367094,,,,,,,,,,
-2.1248396751657572,1975-02-28,-2.1114523039795996,,0.7539731832105989,0.7677543186182634,2.1129860601615036,-0.43315613309723444,-9.317174876205447,-10.352774330792524,1222.867093267518,75.39970800620497,0.7677543186182634,75.39970800620497
,1975-03-01,,4.437662630049054,,,,,,,,,,
-1.739203495283892,1975-03-31,-2.1635176615341645,,0.8163018446582626,0.3809523809522819,-1.810604971978813,-1.1666996242830963,-8.71075484301943,-11.789622308506875,1233.6431583025978,75.97695323723411,0.3809523809522819,75.97695323723411
,1975-04-01,,4.415397527282687,,,,,,,,,,
-0.008401243384348334,1975-04-30,-0.5017304068047346,,0.8772051263589153,0.379506641366123,-1.2585979803893754,0.06002400960383181,-10.135855087906432,-10.792008562254718,1246.986141964903,75.63497173419987,0.379506641366123,75.63497173419987
,1975-05-01,,4.256214198881262,,,,,,,,,,
-3.443520584199644,1975-05-31,-3.605186790494719,,0.7357714186383868,0.5671077504724398,-4.668741662961217,-0.6798640271945322,-14.262863236470357,-12.691158375812961,1273.4251903101394,76.0893664696009,0.5671077504724398,76.0893664696009
,1975-06-01,,4.203249390278506,,,,,,,,,,
-1.26546794286434,1975-06-30,-1.2444112567614019,,0.7303973635941485,0.7518796992483257,4.3532338308457375,2.7380712703844567,-9.978540772532318,-11.895718232044262,1304.96558587248,75.90997853579505,0.7518796992483257,75.90997853579505
,1975-07-01,,4.453703478410325,,,,,,,,,,
5.545458388162894,1975-07-31,5.958582631596454,,0.7251463253768131,1.1194029850747356,-15.420143027413635,-4.193611601018999,-12.902730899048942,-11.22208098783376,1294.6196738053363,75.17190750921353,1.1194029850747356,75.17190750921353
,1975-08-01,,4.59025778291919,,,,,,,,,,
3.5495448180824063,1975-08-31,3.066084331182428,,0.6544454579549885,0.18450184501841438,-30.843755504667936,4.152178359582748,-15.406162464986117,-8.794554898799923,1314.0198155612275,75.3267477835995,0.18450184501841438,75.3267477835995
,1975-09-01,,4.675357543127588,,,,,,,,,,
2.1504895606093477,1975-09-30,1.8539211572182968,,0.8452651986767812,0.5524861878451581,64.26388181355063,3.201099764336246,-8.822281917149798,-8.14542912078312,1326.3814728582543,76.14470572058917,0.5524861878451581,76.14470572058917
,1975-10-01,,4.59773713829915,,,,,,,,,,
-1.4409094915588616,1975-10-31,-1.660202543066125,,0.7736710218184006,0.5494505494504143,6.218018297410444,0.41864890580392,-6.484641638225341,-7.777001048584409,1384.4767953390362,77.43467121356393,0.5494505494504143,77.43467121356393
,1975-11-01,,4.603822935200687,,,,,,,,,,
0.04408393581574188,1975-11-30,0.1323650465104187,,0.6397906744228576,0.7285974499091408,1.0802919708030156,-1.0422588592001292,-3.739746976226943,-4.428989751098045,1412.5147127468247,77.54803410704861,0.7285974499091408,77.54803410704861
,1975-12-01,,4.646626647425381,,,,,,,,,,
1.141430354964168,1975-12-31,0.9297427991293628,,0.5721597334324757,0.36166365280281276,3.5528596187173633,-0.7085407889697359,2.9580700746696165,0.44556373498645385,1257.2849091979474,75.83718499203577,0.36166365280281276,75.83718499203577
,1976-01-01,,4.623856458681019,,,,,,,,,,
0.3984063745199551,1976-01-31,-0.4900369767598667,,1.07460735417384,0.18018018018013393,-0.47419804741963834,1.388621022179204,4.710198092443196,3.5046268950579273,1241.0042886206243,77.69064992750366,0.18018018018013393,77.69064992750366
,1976-02-01,,4.606310050034877,,,,,,,,,,
-0.0536888729835594,1976-02-29,-0.3794756347420769,,0.6879163414350131,0.3597122302157363,2.4103139013451846,3.1196499904889707,5.015088374766363,7.197943444730215,1190.4684938638868,77.87306728280869,0.3597122302157363,77.87306728280869
,1976-03-01,,4.721383516222119,,,,,,,,,,
3.2045066214158924,1976-03-31,2.49817022600054,,0.8695674336352432,0.1792114695344127,0.6157635467980649,0.29514849658724973,7.610127323284055,8.783513405362097,1178.951608214221,79.18022599731907,0.1792114695344127,79.18022599731907
,1976-04-01,,4.751752326157418,,,,,,,,,,
1.1489421372727682,1976-04-30,0.6432184513491812,,0.8620711437151485,0.35778175313048166,-0.3807969536243516,-0.7724848261908668,8.566770416481528,7.878424315136967,1098.8294847614625,81.49707576298508,0.35778175313048166,81.49707576298508
,1976-05-01,,4.8217198438918585,,,,,,,,,,
1.430669382795391,1976-05-31,1.4724571680490017,,0.6715374424709708,0.7130124777181779,-1.720136518771409,1.3716404077849687,11.924751243781028,10.106704248037012,1096.8037315607655,83.92027443032899,0.7130124777181779,83.92027443032899
,1976-06-01,,4.933880911414116,,,,,,,,,,
2.2178102756389872,1976-06-30,2.3261630943643974,,0.4245215526806678,0.5309734513276876,1.9863869981941784,2.066191259828054,9.386174016686489,9.386635312561209,1016.948629722019,86.35611475345513,0.5309734513276876,86.35611475345513
,1976-07-01,,5.039370607166518,,,,,,,,,,
2.583080820753225,1976-07-31,2.1380673276560014,,0.9661682127975357,0.5281690140843676,-13.879052029419725,-4.747402364743802,11.379249603663988,8.754346492125165,1002.993861736673,85.27602080100253,0.5281690140843676,85.27602080100253
,1976-08-01,,4.979534145367857,,,,,,,,,,
-0.998327923723874,1976-08-31,-1.1873796643090073,,0.717722724327774,0.5253940455340222,-30.22299541356952,3.1220613127703967,12.379011716760079,7.678711704634722,1000.3789167266884,86.86924445790976,0.5253940455340222,86.86924445790976
,1976-09-01,,5.008574600055546,,,,,,,,,,
1.3053009167651064,1976-09-30,0.5831962155476544,,1.0688513432014712,0.3484320557494147,68.3590208522211,2.2797738464343853,15.180648162505793,6.717411988582245,1002.0568664101427,88.54996150425879,0.3484320557494147,88.54996150425879
,1976-10-01,,4.995237067546041,,,,,,,,,,
0.14968566012112383,1976-10-31,-0.26629397731955384,,0.9400960026230143,0.5208333333331927,-0.39041464728050146,0.6597717546362292,8.014598540146034,6.97365927610385,1014.6018459420505,88.86380682543688,0.5208333333331927,88.86380682543688
,1976-11-01,,4.960200007327951,,,,,,,,,,
-0.06482174021761322,1976-11-30,-0.701409357440208,,0.8149030404311919,0.17271157167524365,5.730504122178615,0.14171833480951523,12.983824378971565,8.253542703944628,1015.7155395821655,90.74802096053553,0.17271157167524365,90.74802096053553
,1976-12-01,,4.947048068352413,,,,,,,,,,
-0.2635766908693937,1976-12-31,-0.2651493680921768,,0.34640988190153266,0.3448275862068195,-2.0580340023009236,-0.6898991685829969,6.8619246861924665,8.273866923818552,1027.4027591384397,87.62041740217241,0.3448275862068195,87.62041740217241
,1977-01-01,,4.964456321404401,,,,,,,,,,
0.12448339890092086,1977-01-31,0.3518917304109692,,0.2876849136000059,0.5154639175260156,0.900548159749448,-0.5165657285358338,8.338004484304818,6.239299980977719,1034.3260384248917,89.21142513662278,0.5154639175260156,89.21142513662278
,1977-02-01,,4.983064737250499,,,,,,,,,,
0.03985056040050061,1977-02-28,0.37483290498230293,,0.6884867299451036,1.0256410256407555,0.8149010477299434,3.3124440465532423,6.650246305418728,6.437926581811326,1036.3877431030867,89.3729466546965,1.0256410256407555,89.3729466546965
,1977-03-01,,4.957145847827265,,,,,,,,,,
-0.2880842398195971,1977-03-31,-0.520139528380581,,0.9116663679085146,0.6768189509308131,0.43623299974335783,1.6984402079723404,6.459948320413367,7.9271657163877185,1035.924146185425,89.36678089938212,0.6768189509308131,89.36678089938212
,1977-04-01,,4.9207834427046055,,,,,,,,,,
-0.2823179792116992,1977-04-30,-0.7335351074771679,,1.2987073168380103,0.8403361344535565,-4.305058763413394,-0.08520790729394934,2.2662116040954805,8.674698795180502,1042.4601797169762,88.18456030991507,0.8403361344535565,88.18456030991507
,1977-05-01,,4.886863506890608,,,,,,,,,,
-0.24703557313472402,1977-05-31,-0.6893198249617427,,0.9475809372193833,0.5000000000002336,-3.283940728874657,0.9210301893228579,0.6389776357827337,8.19162552569004,1046.4064595329485,89.71116913226255,0.5000000000002336,89.71116913226255
,1977-06-01,,4.794605703984358,,,,,,,,,,
-1.7809482215646155,1977-06-30,-1.8878735363933141,,0.7730556259425425,0.6633499170810797,5.75569358178063,2.7547743789082535,4.358485426314451,8.921533500537326,1163.62554428097,89.53076434839477,0.6633499170810797,89.53076434839477
,1977-07-01,,4.821347189997646,,,,,,,,,,
0.9404849375919566,1977-07-31,0.5577410878868871,,0.8767360655700385,0.4942339373972704,-17.919603236752803,-4.605263157894768,-0.5377194369760918,9.084069964265407,1147.6207367939992,88.46163951384437,0.4942339373972704,88.46163951384437
,1977-08-01,,4.8349425368496455,,,,,,,,,,
0.49719405338666256,1977-08-31,0.2819823239488706,,0.5431790574047524,0.3278688524589235,-28.11257751629831,1.7931034482759678,2.4705349048051106,7.678278314791065,1149.6643803231852,89.06250832616553,0.3278688524589235,89.06250832616553
,1977-09-01,,4.74839827271125,,,,,,,,,,
-1.2637309225847937,1977-09-30,-1.7899750302882822,,0.8643839098603889,0.32679738562084726,60.36275160362747,2.777777777777679,-2.3963381798599137,8.202567760342205,1150.7093871802708,88.74901084192804,0.32679738562084726,88.74901084192804
,1977-10-01,,4.724629018295214,,,,,,,,,,
-0.026819225433294402,1977-10-31,-0.500574152607125,,0.8034221909803962,0.32573289902271263,1.186206896551667,0.6591957811469928,-0.851466414380353,8.201948627103462,1152.4681633452642,89.02466929633057,0.32573289902271263,89.02466929633057
,1977-11-01,,4.724788047155133,,,,,,,,,,
-0.11112940404001126,1977-11-30,0.003365954433731666,,0.3719638937742298,0.4870129870132134,5.152671755725269,-1.2933857236410717,-1.3933273680172942,6.651335574031436,1148.2212625468626,89.52753066122912,0.4870129870132134,89.52753066122912
,1977-12-01,,4.668809222603511,,,,,,,,,,
-1.2423256008163297,1977-12-31,-1.1847901745630218,,0.2646883765923702,0.3231017770596978,-4.161265232045663,-1.4430253773429325,-3.5108326807621326,5.842536515853025,1257.2092890078866,90.25878252591596,0.3231017770596978,90.25878252591596
,1978-01-01,,4.601926233279586,,,,,,,,,,
-1.597997288327524,1978-01-31,-1.4325492033411713,,0.47518854983377157,0.6441223832529985,2.3265250913026447,-1.1275664759339388,-2.147199586081927,5.192479856759102,1258.1049159890358,90.92869395269749,0.6441223832529985,90.92869395269749
,1978-02-01,,4.716468373717463,,,,,,,,,,
2.5864444873935133,1978-02-28,2.4890042697674586,,0.7356822985230327,0.6399999999998407,1.8109715796430725,2.4851063829787634,-1.1803951757761943,4.3500866551126505,1243.562632264724,90.54613938894684,0.6399999999998407,90.54613938894684
,1978-03-01,,4.59005760509126,,,,,,,,,,
-2.5914980682782196,1978-03-31,-2.680199645366599,,0.8867815079101282,0.794912559618588,1.2723967800570835,1.7937219730941312,-0.35769034236071695,4.447852760736093,1254.9018292744638,89.69710941178694,0.794912559618588,89.69710941178694
,1978-04-01,,4.451503995017223,,,,,,,,,,
-2.7325766421412045,1978-04-30,-3.0185592860611177,,1.0858530047754833,0.7886435331228236,1.1666666666666714,1.9905367922988582,5.339741022560451,6.617772471431005,1277.620254219854,88.0678098091995,0.7886435331228236,88.0678098091995
,1978-05-01,,4.514406418214307,,,,,,,,,,
1.4461142716963193,1978-05-31,1.4130600189844467,,0.9718668645242623,0.9389671361503371,-4.270688125712862,-0.36794112941930246,4.265010351966914,5.2560419131316705,1313.0042946821243,88.64041430734679,0.9389671361503371,88.64041430734679
,1978-06-01,,4.461795595250225,,,,,,,,,,
-1.48355192431735,1978-06-30,-1.165398461950895,,0.7598728383138242,1.085271317829517,0.06619009796140496,2.6332691072576297,-1.344296528321598,5.131578947368487,1427.1943982113717,88.16701547620269,1.085271317829517,88.16701547620269
,1978-07-01,,4.303764717663454,,,,,,,,,,
-3.12090790048013,1978-07-31,-3.5418672642691496,,1.2066345818933177,0.7668711656439786,-15.134277020770003,-4.943679599499329,2.0034981714103006,4.758620689655335,1472.736043993466,88.01810756331318,0.7668711656439786,88.01810756331318
,1978-08-01,,4.221697365090925,,,,,,,,,,
-1.7706690921378665,1978-08-31,-1.9068735852522112,,0.5961072626152975,0.4566210045664265,-28.636009353078784,2.46872942725469,1.260783012607658,5.453929539295355,1488.8207895659416,87.78677373419285,0.4566210045664265,87.78677373419285
,1978-09-01,,4.22800011319593,,,,,,,,,,
0.03440051372223252,1978-09-30,0.14929417151312574,,0.6419842646479434,0.7575757575755571,62.49453910004385,2.6983617089623824,2.6068965517241027,5.372445616348087,1501.9017902042979,88.10149396391705,0.7575757575755571,88.10149396391705
,1978-10-01,,4.092921300923795,,,,,,,,,,
-3.1660514920484384,1978-10-31,-3.1948630240227094,,0.9322865719123108,0.9022556390978487,3.616077429761999,1.0165780419142623,5.070883315158059,5.746561886051094,1506.3339703481695,88.49761560022293,0.9022556390978487,88.49761560022293
,1978-11-01,,4.225961398508113,,,,,,,,,,
3.34059380258076,1978-11-30,3.2504924429964,,0.5347488685126356,0.4470938897167098,4.229372080954952,-0.68122000309635,4.148301788955111,6.402388455797037,1517.2903783281388,83.97701713517856,0.4470938897167098,83.97701713517856
,1978-12-01,,4.181082287626871,,,,,,,,,,
-1.024078466860634,1978-12-31,-1.0619858216661782,,0.4835886424298108,0.44510385756697524,-1.0580034851879638,-0.904130943102166,7.520627620722298,6.98418041063622,1759.7345938571634,87.16847304781288,0.44510385756697524,87.16847304781288
,1979-01-01,,4.103484180995065,,,,,,,,,,
-1.8286190458378315,1979-01-31,-1.8559334950532524,,0.9143405538438287,0.8862629246674247,-0.8680337149327144,-0.7393424571337626,4.163912756113586,7.4042553191490335,1798.6698482172046,95.66768618918194,0.8862629246674247,95.66768618918194
,1979-02-01,,4.158048532040376,,,,,,,,,,
0.8252381639218376,1979-02-28,1.3297078443246235,,0.6676220119912646,1.1713030746705932,2.1065989847716127,2.8684627575276345,4.466372370812732,7.806012290317166,1814.5887971923983,94.8389297202536,1.1713030746705932,94.8389297202536
,1979-03-01,,4.173704366040743,,,,,,,,,,
0.2642532856274027,1979-03-31,0.3765187895169886,,0.900047202101173,1.0130246020261024,1.2801391996023037,0.8473270682483713,4.474358974358994,6.803720019579074,1838.5922989826295,101.22557031110175,1.0130246020261024,101.22557031110175
,1979-04-01,,4.241849311978248,,,,,,,,,,
1.4717201169613503,1979-04-30,1.6327209586755709,,0.9859017906193923,1.146131805157613,-4.074119523867936,-2.9025358997860518,-0.9377772145481855,1.67973124300127,1845.4036541786234,100.03392713428165,1.146131805157613,100.03392713428165
,1979-05-01,,4.305869710108182,,,,,,,,,,
1.303268514987188,1979-05-31,1.5092567750851549,,1.069275073405107,1.2747875354107485,0.14071894588720824,1.4002517306482387,3.627217368281821,3.4842646114324305,1846.3269641099994,104.2215016176657,1.2747875354107485,104.2215016176657
,1979-06-01,,4.276750573269477,,,,,,,,,,
-0.9620402516193671,1979-06-30,-0.6762660925468178,,0.8279419638446361,1.1188811188811432,2.1205927439958527,1.8619084561674049,5.754729461568986,2.7065081351688836,2052.5421952385486,99.4015341625579,1.1188811188811432,99.4015341625579
,1979-07-01,,4.14999280806799,,,,,,,,,,
-2.7560768637898025,1979-07-31,-2.9638802410817955,,1.3230208117211095,1.1065006915629505,-13.097322992244242,-4.82863670982484,8.293063133281354,2.830809743252005,2081.2324754165597,93.68378095429549,1.1065006915629505,93.68378095429549
,1979-08-01,,4.159198348556774,,,,,,,,,,
0.29920369410545433,1979-08-31,0.22182063715596723,,1.0355434986775824,0.9575923392613372,-26.443068950626103,1.5364916773368709,11.620795107033842,1.8952778670093817,2083.4938108619385,93.68977014990068,0.9575923392613372,93.68977014990068
,1979-09-01,,4.112972176962284,,,,,,,,,,
-1.343574566039507,1979-09-30,-1.1114202238162063,,0.8467024259417588,1.084010840108407,53.75733855185907,2.0964691046657435,5.619034816507651,1.2980919612136654,2077.2733735331994,86.73377059542432,1.084010840108407,86.73377059542432
,1979-10-01,,4.093754175868088,,,,,,,,,,
-0.08333137306254512,1979-10-31,-0.46725336976118914,,1.193116191021737,0.8042895442359921,1.0182003309150645,0.5094951366372502,2.970939283861007,0.7895959126799523,2114.0600577146274,84.20388495133274,0.8042895442359921,84.20388495133274
,1979-11-01,,4.0698564868421805,,,,,,,,,,
-0.8554543918542268,1979-11-30,-0.5837597471479716,,0.6550171392120774,0.9308510638298406,4.044349250346513,-1.2903225806450536,2.7881503609659353,0.1714731098986455,2123.895980138807,90.1340686071234,0.9308510638298406,90.1340686071234
,1979-12-01,,3.9880018152367267,,,,,,,,,,
-2.2760593409762886,1979-12-31,-2.0112422113676365,,0.7809173702192362,1.0540184453225132,-1.0414143860498548,-1.0737628384687614,2.805384325072424,0.0,2881.5766788069445,88.59736177239212,1.0540184453225132,88.59736177239212
,1980-01-01,,3.9411920814318275,,,,,,,,,,
-0.6837186425685537,1980-01-31,-1.1737641047718683,,1.937136321416455,1.4341590612779065,-1.00342633382281,0.22022966808241673,2.664974619289451,0.9667194928683509,2991.2161500516936,98.10066567359048,1.4341590612779065,98.10066567359048
,1980-02-01,,4.011146776088821,,,,,,,,,,
1.4214253879009098,1980-02-29,1.7749628338738388,,1.06159859570234,1.413881748071888,1.4091470951792973,2.0404959974887227,1.963708675118192,0.15405946695432604,3021.581269953527,97.62046342484237,1.413881748071888,97.62046342484237
,1980-03-01,,4.2399138805277445,,,,,,,,,,
5.322785429564103,1980-03-31,5.703284302699818,,1.1554689089615433,1.5209125475283969,0.4631886884445935,0.15382248884778793,1.1412443244570358,-0.5346776657501162,3074.097536507508,100.44568726961212,1.5209125475283969,100.44568726961212
,1980-04-01,,4.263057814977562,,,,,,,,,,
0.6676557865049393,1980-04-30,0.5458585976500174,,1.2460925416102553,1.1235955056182467,-1.3831594273233994,-3.4556903701428165,3.978508379173684,-1.1013215859031922,3315.320783127971,101.16475656332486,1.1235955056182467,101.16475656332486
,1980-05-01,,4.111509435980459,,,,,,,,,,
-3.7145357414597013,1980-05-31,-3.5549219732526782,,0.8205227225862588,0.9876543209876631,-4.601377952755891,-2.72033089405026,-0.9453244762390844,-5.120248254460935,3329.6491528941247,102.4390782996859,0.9876543209876631,102.4390782996859
,1980-06-01,,4.059933956870633,,,,,,,,,,
-1.6335414129376336,1980-06-30,-1.2544171407824156,,0.7120797272457846,1.1002444987774807,0.4900696414752881,0.5069501226492079,-2.526895171378485,-6.38233054074635,3954.4641724177177,102.55788734620602,1.1002444987774807,102.55788734620602
,1980-07-01,,3.9472544486966727,,,,,,,,,,
-1.4005057385237496,1980-07-31,-2.7754024910497166,,1.4141449671719153,0.0,-10.189938398357246,-4.474454930035876,0.7341298402189667,-6.033930857874559,4038.681347390474,102.09808810483413,0.0,102.09808810483413
,1980-08-01,,4.028904841254217,,,,,,,,,,
2.3426711388692567,1980-08-31,2.068536336300908,,0.9960416300852648,0.725513905682984,-26.27893683909681,3.1510815874639775,0.9589041095892092,-4.539722572509442,4056.562052890413,106.05601095972648,0.725513905682984,106.05601095972648
,1980-09-01,,4.035363542890089,,,,,,,,,,
0.20721892925816832,1980-09-30,0.1603091135272683,,0.8875644390405224,0.8403361344538451,43.942624539639354,3.0548216644649573,-5.485554282805028,-3.643662189285113,4062.68511580483,107.47207164921457,0.8403361344538451,107.47207164921457
,1980-10-01,,4.111672042275399,,,,,,,,,,
2.0150043527014994,1980-10-31,1.890994419071812,,1.0752485142596413,0.9523809523809712,3.4877457581470095,0.8652459541739876,-3.1750031498046005,-3.302611367127384,4110.448542842259,112.0149792503905,0.9523809523809712,112.0149792503905
,1980-11-01,,4.318060628121234,,,,,,,,,,
4.864941286003854,1980-11-30,5.019578014097159,,0.6770106078413995,0.8254716981132448,2.5894599869876966,0.6036536934073577,-4.528941632356376,-1.4472455648927296,4112.457025852338,119.99152095089806,0.8254716981132448,119.99152095089806
,1980-12-01,,4.4318820267795225,,,,,,,,,,
2.6612721965972863,1980-12-31,2.635937946702982,,0.9605870777046555,0.9356725146199008,-2.6128868594622268,-0.26843518079879836,-6.045031815956858,-0.6449583136698522,4303.953322738877,125.0530116021177,0.9356725146199008,125.0530116021177
,1981-01-01,,4.488672485185937,,,,,,,,,,
1.613609515613601,1981-01-31,1.2814072681371025,,1.1417837079742421,0.8111239860950636,2.774159937483711,-0.5541481950602112,-2.4598269468478984,-1.4126510751843457,4380.8843793504075,132.34344100373673,0.8111239860950636,132.34344100373673
,1981-02-01,,4.809395494921244,,,,,,,,,,
7.045743444442043,1981-02-28,7.145163983199843,,0.9407323518309418,1.0344827586206584,3.003421619566593,1.2099984078967507,-0.9263773768893202,-2.215043839409403,4431.70040318586,138.72783686748411,1.0344827586206584,138.72783686748411
,1981-03-01,,4.7993477492564045,,,,,,,,,,
0.03824399670664391,1981-03-31,-0.20891909753418814,,0.9319650550503322,0.6825938566551226,-2.632874015748088,0.8022652194431101,-3.979616597913127,-1.5819382583320607,4457.9291087667225,142.12877679896755,0.6825938566551226,142.12877679896755
,1981-04-01,,4.895906576829573,,,,,,,,,,
2.7283702419976574,1981-04-30,2.0119156314132303,,1.3850520587751936,0.6779661016949934,-1.5415718979024384,-2.0599250936330193,-4.133858267716583,-0.15908367801472645,4454.612486782328,138.77919057605078,0.6779661016949934,138.77919057605078
,1981-05-01,,5.257033983513268,,,,,,,,,,
7.509401421968032,1981-05-31,7.376109021213173,,0.9107453681622468,0.785634118967482,-0.8855236139629574,0.49394518801781917,-0.3997936548877812,3.1398201144724913,4423.789608582628,137.38845933931069,0.785634118967482,137.38845933931069
,1981-06-01,,5.41648520975493,,,,,,,,,,
3.1371834583962865,1981-06-30,3.0331024441105248,,0.9927855894468651,0.8908685968819663,0.40139842030297856,2.3307436182020913,-0.4876796714578302,5.011389521640086,3476.426219701259,138.2621391128194,0.8908685968819663,138.2621391128194
,1981-07-01,,5.51629230666913,,,,,,,,,,
2.4411785491488036,1981-07-31,1.8426542868510198,,1.6979345338022922,1.1037527593818597,-11.323188031983477,-2.7269910133250197,-1.7433552443554934,6.932379492420493,3442.8321419642352,134.91926341963008,1.1037527593818597,134.91926341963008
,1981-08-01,,5.663309702264418,,,,,,,,,,
3.1399799984722643,1981-08-31,2.6651487524971484,,1.2302313700393697,0.764192139738018,-26.294357184409645,2.2618668365721017,-1.7639077340571907,6.010568031704011,3370.168153387624,136.78047040154985,0.764192139738018,136.78047040154985
,1981-09-01,,5.335941708068849,,,,,,,,,,
-5.637381928552598,1981-09-30,-5.780506654345152,,1.1284681017179832,0.9750812567713929,47.27703235990537,0.18691588785051394,0.511715593859341,3.060406986059916,3278.66746567234,138.8839950800114,0.9750812567713929,138.8839950800114
,1981-10-01,,5.26117700059464,,,,,,,,,,
-0.3454812643455374,1981-10-31,-1.4011530028739227,,1.2875633699242828,0.2145922746780604,3.3762057877813723,-0.6063432835822113,0.4033832140533322,1.5567911040507143,3269.085676910794,141.37357835589674,0.2145922746780604,141.37357835589674
,1981-11-01,,5.224324574102645,,,,,,,,,,
-0.1795619577584895,1981-11-30,-0.7004597352993414,,0.8474562594110724,0.3211991434691086,3.4603421461897543,-2.0804004379789687,1.2557077625570123,-1.1526922469602963,3275.4458816948804,144.89535515882207,0.3211991434691086,144.89535515882207
,1981-12-01,,5.304036326534111,,,,,,,,,,
1.7970684100302892,1981-12-31,1.52578101342713,,0.5882366389351024,0.32017075773738135,-2.580483527495836,-1.613418530351507,1.2893982808023452,-2.4857504749843495,3124.4856121395806,140.56333742640342,0.32017075773738135,140.56333742640342
,1982-01-01,,5.364641243213424,,,,,,,,,,
1.9158093641814977,1982-01-31,1.1426188085501998,,1.0860444290902604,0.31914893617013274,1.671595731001685,-1.4288033771715836,0.20276264098348928,-3.343416653399245,3020.5705358573637,140.6701452616979,0.31914893617013274,140.6701452616979
,1982-02-01,,5.504778314038088,,,,,,,,,,
3.3012308807232937,1982-02-28,2.612235645802885,,0.9917249827099184,0.31813361611889857,0.9611736436069274,3.0637456761654303,-1.783956692913291,-1.5730690577316353,3029.679866258746,140.49909323537955,0.31813361611889857,140.49909323537955
,1982-03-01,,5.544852189766367,,,,,,,,,,
2.07232359525249,1982-03-31,0.7279834616788161,,1.2275052363106997,-0.10570824524308575,0.7641237629963493,-0.7351766022055561,1.6426585797322701,-3.0742821473158655,2968.9375579647754,139.95104945996624,-0.10570824524308575,139.95104945996624
,1982-04-01,,5.596816049969216,,,,,,,,,,
1.6492730502025932,1982-04-30,0.9371550119722682,,1.1317730436557927,0.42328042328030335,-1.61611138736949,-2.415070037031186,1.5657084188912762,-3.4257488846399675,2849.091253949731,147.48690772885018,0.42328042328030335,147.48690772885018
,1982-05-01,,5.398694019806977,,,,,,,,,,
-3.6822884812253487,1982-05-31,-3.5399060536093208,,0.7993592425734386,0.9483667017913477,-2.2112711650239203,-1.0394324368916186,0.2071733782210039,-4.899318217853244,2763.4696648997683,144.4886450376744,0.9483667017913477,144.4886450376744
,1982-06-01,,5.938072688727643,,,,,,,,,,
9.405504265402854,1982-06-30,9.990910152377008,,0.7137116739462934,1.2526096033404377,0.0,1.7172390796932557,-0.19344854268752432,-5.469476293771436,2217.261933186872,143.35295633485092,1.2526096033404377,143.35295633485092
,1982-07-01,,6.190593987048182,,,,,,,,,,
4.044626165287735,1982-07-31,4.252580114081539,,0.3149644419863762,0.5154639175256381,-11.939527070680933,-3.5240124569743347,-0.8871436881906725,-6.244026760114929,2227.430876687011,145.94861439344774,0.5154639175256381,145.94861439344774
,1982-08-01,,6.247746367207567,,,,,,,,,,
1.0328405307416633,1982-08-31,0.9232131888952555,,0.3139755307079106,0.2051282051283687,-27.65957446808511,1.5630309208291226,-2.7229676400944425,-6.884735202492376,2144.2649359232496,145.97534077954495,0.2051282051283687,145.97534077954495
,1982-09-01,,6.369862332078354,,,,,,,,,,
2.1443340710745495,1982-09-30,1.9545602156920916,,0.39122504657744805,0.20470829068570673,47.829614604462336,0.5352960856474187,-2.357984994640827,-6.56094527363199,2091.471336981227,144.85442472894226,0.20470829068570673,144.85442472894226
,1982-10-01,,6.429464574698419,,,,,,,,,,
1.176354010528624,1982-10-31,0.9356912208276613,,0.5455975809648628,0.30643513789574417,4.8298572996707145,-1.1148086522463574,-0.9849663037842182,-7.0389488503051485,2098.408775392455,148.2142746616278,0.30643513789574417,148.2142746616278
,1982-11-01,,6.4171817357362375,,,,,,,,,,
0.9430134457687478,1982-11-30,-0.19103984195694146,,0.9302438386556533,-0.20366598777998846,2.6963350785340623,-1.463907117617269,-1.7161468119753165,-6.453674121405861,2115.4460245185614,158.93756198226558,-0.20366598777998846,158.93756198226558
,1982-12-01,,6.023505072472476,,,,,,,,,,
-4.9537749324232045,1982-12-31,-6.134728288454728,,0.8448381022987617,-0.40816326530624947,-4.1932194748916185,-1.485655737705005,-3.343191462003259,-6.332196785192523,2970.8731825665095,158.71111841268245,-0.40816326530624947,158.71111841268245
,1983-01-01,,5.900060604602067,,,,,,,,,,
-1.2818456245580423,1983-01-31,-2.0493793295626617,,0.9901162425683063,0.20491803278706033,3.764799787149098,2.4787658172993776,-1.3532313140255159,-2.6190084005931147,3134.8147844769474,158.60816223981686,0.20491803278706033,158.60816223981686
,1983-02-01,,5.963681883875378,,,,,,,,,,
1.6604130353739421,1983-02-28,1.0783156909216496,,0.6787257903489996,0.10224948875252604,1.8589743589743746,0.7273342354533252,-0.4760115244894836,-4.82659421447994,3003.230428272594,159.99563159357066,0.10224948875252604,159.99563159357066
,1983-03-01,,6.016966361014914,,,,,,,,,,
1.8759626844540689,1983-03-31,0.8934828882071422,,0.9737792453210714,0.0,0.28949024543731827,0.688497061293103,-0.9448035803083066,-3.4616003864112788,2942.2142790458997,160.12843854755909,0.0,160.12843854755909
,1983-04-01,,6.245376880360582,,,,,,,,,,
4.358926814582853,1983-04-30,3.7961076336670896,,1.2611277311872504,0.715015321756951,-2.2966867469879193,0.016677785190011285,-1.6300227445033566,-1.0559313644613932,3078.370981156027,159.71811787323435,0.715015321756951,159.71811787323435
,1983-05-01,,6.339057746116393,,,,,,,,,,
1.5512881981208482,1983-05-31,1.5000034033238796,,0.6593536253685528,0.6085192697766972,-1.3744380218369545,0.08337502084390103,-0.7882155317225692,0.06668889629883878,3091.6925803037893,158.58607366615115,0.6085192697766972,158.58607366615115
,1983-06-01,,6.519914121346179,,,,,,,,,,
3.1399730686406446,1983-06-30,2.853048236397404,,0.582228804733198,0.3024193548388565,-0.10419380046878812,2.782405864711679,-0.8915880604729698,1.11457138174067,2879.0716494096027,158.3339564202583,0.3024193548388565,158.3339564202583
,1983-07-01,,6.588264579481221,,,,,,,,,,
1.5176229563657495,1983-07-31,1.0483337182503938,,0.8682976283630905,0.4020100502511559,-11.04302477183834,-1.8479494245420502,0.11738811445332065,2.8712198436969594,3019.395570970374,155.97703738423044,0.4020100502511559,155.97703738423044
,1983-08-01,,6.790603644885111,,,,,,,,,,
3.3523574481145957,1983-08-31,3.071204305213593,,0.5738950919147445,0.3003003003002158,-26.058918364355776,3.4682080924856695,2.3326572008113944,4.80093676815001,3040.92933034601,152.47857890725192,0.3003003003002158,152.47857890725192
,1983-09-01,,6.788204266734799,,,,,,,,,,
0.24874384362081337,1983-09-30,-0.035333797638426034,,0.7845981023176796,0.49900199600807493,45.986124876114886,2.761372705506715,1.0565312843030528,7.12146422628952,3030.3515937636,154.54690999843567,0.49900199600807493,154.54690999843567
,1983-10-01,,6.662463779626267,,,,,,,,,,
-1.382065406354771,1983-10-31,-1.8523379993839573,,0.7784900838929021,0.29791459781520757,3.1093007467752454,0.3572538055296892,-0.6020942408376806,8.716136631331107,3034.5281824697563,155.51271575512789,0.29791459781520757,155.51271575512789
,1983-11-01,,6.8344738961003495,,,,,,,,,,
2.8104164049327363,1983-11-30,2.581779386179739,,0.4213438334951247,0.19801980198035363,6.031077166183851,-1.0060362173037851,2.6255416772877904,9.221311475409898,3041.096621706446,157.2971296335876,0.19801980198035363,157.2971296335876
,1983-12-01,,6.992070493521842,,,,,,,,,,
2.5622828058541325,1983-12-31,2.305906786935208,,0.34965932995316695,0.09881422924900019,-4.359165424739242,-0.10944340212640791,2.4477850206198415,10.747096550528767,2818.2518228332087,157.7315975802661,0.09881422924900019,157.7315975802661
,1984-01-01,,7.160059393277103,,,,,,,,,,
2.5090076239601355,1984-01-31,2.4025630163612144,,0.696862988512259,0.5923000987165139,4.648746915984958,3.2555955548599025,3.3205128205127776,11.586603518267967,2796.8908103683393,158.3859739633188,0.5923000987165139,158.3859739633188
,1984-02-01,,6.926784179337006,,,,,,,,,,
-3.1307829285040945,1984-02-29,-3.2580066885915637,,0.622830725261414,0.49067713444563843,1.5138354634569806,1.3339396695467354,2.9704216488356527,12.258606213266155,2789.025432167108,162.7344658973111,0.49067713444563843,162.7344658973111
,1984-03-01,,6.626816950527381,,,,,,,,,,
-3.860340510146465,1984-03-31,-4.330540999161547,,0.6877568539928491,0.1953124999999556,-0.8311942305341158,0.6282722513090144,1.8197791164659138,12.191460973982714,2846.5180921594106,163.4662097106157,0.1953124999999556,163.4662097106157
,1984-04-01,,6.7108964544615555,,,,,,,,,,
1.3971856459043197,1984-04-30,1.2687766172186699,,0.6147475866590257,0.4873294346979362,-3.488228768642898,-0.7730043109856144,0.5780346820809523,11.30565282641336,2866.8659299885016,161.64316139015597,0.4873294346979362,161.64316139015597
,1984-05-01,,6.971529146141331,,,,,,,,,,
4.144892526128974,1984-05-31,3.883723932389116,,0.54311589612277,0.29097963142572514,0.4853128991060496,-0.10486891385774744,2.474602761135891,11.096301232922269,2887.2165985636266,162.24198142653384,0.29097963142572514,162.24198142653384
,1984-06-01,,6.934075942181071,,,,,,,,,,
-0.3562172333400282,1984-06-30,-0.5372308309288254,,0.4726547287515981,0.2901353965185205,-2.808845958312167,2.489502099580121,-0.299869621903448,10.779704976495408,2863.3751435593463,161.46949077452757,0.2901353965185205,161.46949077452757
,1984-07-01,,7.176975596569241,,,,,,,,,,
3.798189968882859,1984-07-31,3.502985205434128,,0.6720419786267806,0.38572806171637275,-7.885445272655867,-3.08750365817968,3.239044408618086,9.380677126341897,2896.682852411256,160.7395584214132,0.38572806171637275,160.7395584214132
,1984-08-01,,7.266647815732382,,,,,,,,,,
1.400521763170004,1984-08-31,1.2494429994440281,,0.534033682351498,0.3842459173872381,-25.7808063600228,2.627208213800225,3.6273538156589957,8.491620111731567,2911.3099593373,162.46327274521937,0.3842459173872381,162.46327274521937
,1984-09-01,,7.609693960916668,,,,,,,,,,
4.706612514636266,1984-09-30,4.720830758325545,,0.4648266533131329,0.4784688995214115,43.64957918898247,0.9857289980874873,1.9687712152071102,6.616961789375475,2915.2983713981544,160.3445372847633,0.4784688995214115,160.3445372847633
,1984-10-01,,7.694242023116541,,,,,,,,,,
1.4893685702277226,1984-10-31,1.111057325486553,,0.6609374749948493,0.28571428571442237,4.766977363515323,-0.7430069930069672,3.6081116671057067,5.448073053706759,2923.476532792908,161.5747853268465,0.28571428571442237,161.5747853268465
,1984-11-01,,7.4710130863179325,,,,,,,,,,
-2.5824811679125315,1984-11-30,-2.9012466221876143,,0.3282899555206109,0.0,1.8429079816980387,-0.8953471304857463,-0.4843517138598097,5.5659787367104085,2928.3112184108886,162.31028708594295,0.0,162.31028708594295
,1984-12-01,,7.718652549190143,,,,,,,,,,
3.5175112436097278,1984-12-31,3.314670447114132,,0.19633300442014612,0.0,-5.1416448271559005,-0.6812796208530925,-1.2985326580962298,4.9616528408201965,2658.761683365718,163.27476960967297,0.0,163.27476960967297
,1985-01-01,,7.856262171400193,,,,,,,,,,
2.1207143461082323,1985-01-31,1.782819233448829,,0.5225406285734202,0.18993352326679425,2.4733587685831004,1.0140172979421047,-3.350291599453903,2.683037744429284,2661.1493271886307,160.68496771872387,0.18993352326679425,160.68496771872387
,1985-02-01,,8.154290424857406,,,,,,,,,,
3.840918944117555,1985-02-28,3.793512066618021,,0.519824335224639,0.4739336492889823,-1.0142508666067584,1.668142899320868,-5.7572423909056365,3.021690351533257,2682.0774318286344,160.18364963436625,0.4739336492889823,160.18364963436625
,1985-03-01,,8.160199635925112,,,,,,,,,,
0.40513568073716755,1985-03-31,0.07246750802121227,,0.7110402040547914,0.3773584905661487,5.006485084306078,-0.3194424277623953,-0.20954024405268612,2.051434517615469,2691.3430475403957,165.88852303498695,0.3773584905661487,165.88852303498695
,1985-04-01,,7.577235219426609,,,,,,,,,,
-6.925777580668113,1985-04-30,-7.1439969915933705,,0.7060375790871376,0.46992481202994263,-2.915019762845872,-1.5877640203931676,0.3831417624521327,1.2134831460674844,2725.492986780274,165.88863399157447,0.46992481202994263,165.88863399157447
,1985-05-01,,7.61484533212667,,,,,,,,,,
0.6322254442188369,1985-05-31,0.4963566737856473,,0.5098850703862068,0.3741814780169328,-4.580152671755789,-0.10361160449977591,-4.677173360447484,1.2147570485903536,2768.0951968834106,167.23956293236117,0.3741814780169328,167.23956293236117
,1985-06-01,,7.501728262045968,,,,,,,,,,
-1.3863811545081317,1985-06-30,-1.4854808620139215,,0.38046519780261523,0.2795899347622699,2.453333333333396,2.2373684990368847,0.4838498757682608,0.9657594381036194,2786.510916473118,168.66615570398395,0.2795899347622699,168.66615570398395
,1985-07-01,,7.117153649333034,,,,,,,,,,
-4.943572392230755,1985-07-31,-5.126480182688575,,0.3790231466380467,0.18587360594812807,-6.168662155127535,-3.8985507246377282,2.356615559341191,0.12079118224366248,2779.8322381499715,173.26314887985345,0.18587360594812807,173.26314887985345
,1985-08-01,,6.837747842122924,,,,,,,,,,
-3.9830136183921505,1985-08-31,-3.92580827921698,,0.12587540936896957,0.1855287569572761,-26.879334257975106,2.9859749660685386,0.8416220351950221,0.4707959393852379,2723.749737553942,173.64995942374122,0.1855287569572761,173.64995942374122
,1985-09-01,,6.956269089574987,,,,,,,,,,
1.5790523339707319,1985-09-30,1.7333374992556827,,0.12570006265344436,0.2777777777777102,42.92488619119874,1.4789866744765678,0.33288948069225555,0.961538461538658,2752.6855252377695,178.97986525989427,0.2777777777777102,178.97986525989427
,1985-10-01,,6.48489251330411,,,,,,,,,,
-6.827814798988285,1985-10-31,-6.7762843875218355,,0.3138641790251917,0.3693444136658508,13.032514930325245,-1.1832611832613082,8.248601931875864,0.5137237633935587,2759.8519775241325,194.69672454497587,0.3693444136658508,194.69672454497587
,1985-11-01,,6.3514995246723505,,,,,,,,,,
-2.1431670281995774,1985-11-30,-2.0569807187720723,,0.18774972219750552,0.27598896044152,-2.7709287307737807,-0.9345794392522477,3.3445650817420125,0.4739336492891377,2785.466016598027,200.27718070995246,0.27598896044152,200.27718070995246
,1985-12-01,,6.202947655995837,,,,,,,,,,
-2.4852430775466727,1985-12-31,-2.3388471982004333,,0.12491492921180569,0.2752293577980902,-2.1253471802922475,0.45695754716978954,6.630706485988558,1.625410080524925,3014.8217460419037,201.84159542331358,0.2752293577980902,201.84159542331358
,1986-01-01,,6.05428147930732,,,,,,,,,,
-2.603138314454956,1986-01-31,-2.3967020992804122,,0.062388029101634324,0.27447392497725875,-0.43183220234429553,1.8635363169478225,3.6076518166643146,2.4800708591673937,2988.596961319312,204.11795066781923,0.27447392497725875,204.11795066781923
,1986-02-01,,5.781646773423123,,,,,,,,,,
-4.4798612963457,1986-02-28,-4.503171958819941,,-0.24937956169714948,-0.27372262773734946,-2.8252788104087934,0.24488619994236238,1.7120622568092658,1.0454479454044208,3015.121877422537,212.67999189068175,-0.27372262773734946,212.67999189068175
,1986-03-01,,5.5811754041161095,,,,,,,,,,
-2.7813071585149562,1986-03-31,-3.4673749048200864,,0.25000301812798664,-0.4574565416284204,3.136954858454355,-1.666906164678783,-0.09881422924916672,-0.3204661325564073,3010.07772777236,209.94213938146865,-0.4574565416284204,209.94213938146865
,1986-04-01,,5.736278700069869,,,,,,,,,,
3.3534877709000543,1986-04-30,2.779043565614714,,0.37406086197846466,-0.18382352941170854,4.339762611276021,-0.23381557796298136,7.36641221374037,1.0509177027825167,3306.878995206084,217.2957470009932,-0.18382352941170854,217.2957470009932
,1986-05-01,,5.672727580723014,,,,,,,,,,
-1.1352898671557976,1986-05-31,-1.107880608138534,,0.2484502067123362,0.27624309392255686,-10.084133191136358,-0.8056247253552584,1.1733333333333373,0.3407912283299508,3308.8357116675033,211.48714508921978,0.27624309392255686,211.48714508921978
,1986-06-01,,5.697956034575513,,,,,,,,,,
0.2038033929750993,1986-06-30,0.4447323354329624,,0.3097804348152211,0.5509641873276738,6.00948866631521,2.1854695806262647,4.685059864653751,0.28985507246377384,3496.9758370486934,217.775657972494,0.5509641873276738,217.775657972494
,1986-07-01,,5.529438148044255,,,,,,,,,,
-2.83762554003254,1986-07-31,-2.957514686120455,,0.12354294688572409,0.0,-7.633018398806534,-3.005780346820963,3.0513176144243648,1.2215352133915447,3366.952122013547,221.68015491326994,0.0,221.68015491326994
,1986-08-01,,5.372406878733047,,,,,,,,,,
-2.897399991338112,1986-08-31,-2.839913660427673,,0.12337372336062025,0.1826484018266461,-28.22341857335133,2.8456495828368844,1.1570561456752504,1.08361399912138,3444.922118562508,225.09792409416423,0.1826484018266461,225.09792409416423
,1986-09-01,,5.340082930990719,,,,,,,,,,
-0.686866284083143,1986-09-30,-0.6016660404163376,,0.3696818630598564,0.4557885141293294,48.190511906994146,1.1009705924959423,4.883875248838732,0.7070707070705673,3442.325516320931,224.7493836522105,0.4557885141293294,224.7493836522105
,1986-10-01,,5.227354647033578,,,,,,,,,,
-1.9595808383233493,1986-10-31,-2.1109837696139944,,0.24555240021082447,0.09074410163336655,9.439453372137208,-0.40120361083263445,1.5498414934835614,1.5040887850465756,3389.5674885672547,220.08519504005147,0.09074410163336655,220.08519504005147
,1986-11-01,,5.286096188191487,,,,,,,,,,
1.155884014597408,1986-11-30,1.123733611440425,,0.12248378864079257,0.09066183136916539,-5.075731298415942,-0.891957991655834,-0.8573843738678422,1.5477594339620593,3307.9145703182653,223.52439655858328,0.09066183136916539,223.52439655858328
,1986-12-01,,5.219011415456439,,,,,,,,,,
-1.2377732157951904,1986-12-31,-1.2690796827516504,,0.1223173098378938,0.09057971014490018,0.962241169305611,0.29031789809841335,2.270203578038177,1.3793103448274113,3639.136023883623,226.75810900503,0.09057971014490018,226.75810900503
,1987-01-01,,4.927174605472677,,,,,,,,,,
-5.326465733325181,1987-01-31,-5.591802484268726,,0.9163172475914028,0.6334841628959476,-4.331041138858705,0.7381676074684984,-1.7348203221808967,0.25929127052710665,3548.7037923924554,230.82602797281413,0.6334841628959476,230.82602797281413
,1987-02-01,,4.848360852382402,,,,,,,,,,
-1.7742117753418607,1987-02-28,-1.5995729683038862,,0.18159612902328703,0.3597122302157363,0.11349306431274186,2.5574712643678943,1.236929354756322,2.572208650668162,3658.4954713895554,230.70048853354925,0.3597122302157363,230.70048853354925
,1987-03-01,,4.880354029265449,,,,,,,,,,
0.33199658142133437,1987-03-31,0.6598761490149041,,0.12083915734459882,0.44802867383522127,8.27560146114128,-0.12608573830208414,6.280909990108885,4.1794534560863905,3659.798617672679,228.19513670969448,0.44802867383522127,228.19513670969448
,1987-04-01,,4.821533805332378,,,,,,,,,,
-1.197457654883194,1987-04-30,-1.205245020757728,,0.543160953094679,0.5352363960747786,-4.385760818985562,-1.2905035769392947,-2.6069439507050096,3.0760216786289263,3746.3168642879273,217.76239025381687,0.5352363960747786,217.76239025381687
,1987-05-01,,4.780380577683013,,,,,,,,,,
-1.0262787034734377,1987-05-31,-0.8535297959303301,,0.18007010764355957,0.3549245785271715,-6.083465141744782,0.6963194543129436,1.7264101212440375,4.63673951565271,3643.321477744654,214.58947316488312,0.3549245785271715,214.58947316488312
,1987-06-01,,4.873229362408568,,,,,,,,,,
1.7656124363441439,1987-06-30,1.9422885524850386,,0.17974643803910784,0.35366931918645594,7.954398238113725,3.1470505221564027,3.592739930382871,5.621387283236889,3816.383122548883,210.97466788342098,0.35366931918645594,210.97466788342098
,1987-07-01,,4.935751153305767,,,,,,,,,,
1.2576131687242809,1987-07-31,1.282964257325614,,0.2392210590031585,0.2643171806168576,-9.888395535821392,-3.0373512108360923,1.0632570659488527,5.587008343265709,3814.970991214712,207.13665394169527,0.2643171806168576,207.13665394169527
,1987-08-01,,4.990677789444749,,,,,,,,,,
0.822576974347311,1987-08-31,1.1128323619434166,,0.2386663900649344,0.5272407732863416,-27.5669196963644,3.795682235078379,1.987624226514173,6.562364189482639,3794.493398971337,214.596982388063,0.5272407732863416,214.596982388063
,1987-09-01,,4.892846376451961,,,,,,,,,,
-2.413737504030955,1987-09-30,-1.9602830942061944,,0.05952858092515001,0.5244755244755872,48.70380584666296,0.6389342033714884,2.340883208908018,6.075368964034911,3754.125836092217,210.6527094290666,0.5244755244755872,210.6527094290666
,1987-10-01,,4.867765775520604,,,,,,,,,,
-0.5353336748013193,1987-10-31,-0.5125973513508186,,0.23795647773918738,0.2608695652173143,6.72601384767566,1.013102796163734,-0.19655451497276877,7.581642929075083,3743.0742585990297,215.93356324329096,0.2608695652173143,215.93356324329096
,1987-11-01,,4.612954605850503,,,,,,,,,,
-5.204405388793831,1987-11-30,-5.23466373323701,,0.11868772164125296,0.08673026886398816,-1.1237256719185518,-0.8825889275207444,3.9585870889158326,7.591813035273698,3681.505460286229,218.6381573101095,0.08673026886398816,218.6381573101095
,1987-12-01,,4.473125143423599,,,,,,,,,,
-2.973749693337535,1987-12-31,-3.031234303705521,,0.059281573767799856,0.0,0.6209724663152283,-0.4182406907718428,3.607190252141468,6.831668837747795,4148.956198591772,214.053745555728,0.0,214.053745555728
,1988-01-01,,4.507845291507933,,,,,,,,,,
0.6935288699452702,1988-01-31,0.7761944271865495,,0.1777232375187454,0.25996533795487053,-4.59944108057766,1.341281669150618,3.316519546027674,7.471264367816155,4243.640606313078,200.76191287871393,0.25996533795487053,200.76191287871393
,1988-02-01,,4.642296566348549,,,,,,,,,,
2.8984987354940595,1988-02-29,2.9826062374833873,,0.17740794238008117,0.25929127052715106,2.782863419992676,1.3368983957217973,6.071293613805184,6.192210703278067,4045.969873208733,201.27403371443418,0.25929127052715106,201.27403371443418
,1988-03-01,,4.6139857500714125,,,,,,,,,,
-0.7443044152765421,1988-03-31,-0.6098450599291372,,0.29516697997065133,0.4310344827586965,7.813798836242758,-0.09234828496035297,5.618892508143203,6.228082480011188,4052.452970196456,201.8442859608225,0.4310344827586965,201.8442859608225
,1988-04-01,,4.604664913058884,,,,,,,,,,
-0.24586421270766934,1988-04-30,-0.2020126961246982,,0.47085487581801644,0.5150214592275271,-8.602268972353755,-0.9771556846692175,0.9611874923955543,6.565297712093221,4047.199621460929,199.71328263848292,0.5150214592275271,199.71328263848292
,1988-05-01,,4.653170749023518,,,,,,,,,,
0.9453892468574976,1988-05-31,1.0534064232789353,,0.23433208025782637,0.34158838599478436,-2.0004820438660476,-0.14668622482995053,5.35043399404056,5.673158340389506,4060.8151107452995,196.06110134909957,0.34158838599478436,196.06110134909957
,1988-06-01,,4.8121236519858055,,,,,,,,,,
3.278745705366326,1988-06-30,3.4160126833008286,,0.2922342860667282,0.42553191489369535,6.787998032464371,2.724358974358898,4.212168486739398,5.240114926802453,3614.940943714934,191.7573239306281,0.42553191489369535,191.7573239306281
,1988-07-01,,5.054187076719522,,,,,,,,,,
4.952802310069404,1988-07-31,5.030282724215218,,0.3496466355746852,0.4237288135592099,-13.634269921695086,-3.3281331253249724,-0.11985617259302472,4.924509665584953,3629.2803423538962,205.06852034694916,0.4237288135592099,205.06852034694916
,1988-08-01,,5.204129192319729,,,,,,,,,,
2.8317672802162575,1988-08-31,2.966691048910053,,0.29035170663385124,0.42194092827010365,-22.106666666666687,3.483055406132296,7.4094502665930095,4.608482871125585,3590.271829116255,223.30960476377072,0.42194092827010365,223.30960476377072
,1988-09-01,,5.1935583822976525,,,,,,,,,,
-0.6399424208286542,1988-09-30,-0.20312351272288032,,0.23161833683762456,0.6722689075630228,42.63950701814447,0.42884990253420074,3.029179030662621,4.39011211670941,3532.9395668455873,223.35313042930727,0.6722689075630228,223.35313042930727
,1988-10-01,,5.090164239200585,,,,,,,,,,
-2.0912397839472074,1988-10-31,-1.9908150729466723,,0.23108310599080362,0.33388981636051085,4.104164166566582,-0.0905797101449779,0.49814643188113017,3.249531960417107,3418.8426872264886,234.64684170821008,0.33388981636051085,234.64684170821008
,1988-11-01,,4.886137249595463,,,,,,,,,,
-3.9774829111379195,1988-11-30,-4.008259459171493,,0.11528301179686284,0.08319467554074311,2.028818443804048,-1.2563139489703556,3.7024018746337317,2.8602266594710324,3420.919028820753,228.75375123652884,0.08319467554074311,228.75375123652884
,1988-12-01,,4.907345298440364,,,,,,,,,,
0.4405212555693261,1988-12-31,0.43404529511850143,,0.17270973221779062,0.16625103906913186,0.7908710880126568,-0.43284365162638005,3.877503493246204,2.845142934561795,3286.5235998835997,223.41710149035458,0.16625103906913186,223.41710149035458
,1989-01-01,,5.119918855940351,,,,,,,,,,
4.232468940215117,1989-01-31,4.331742410046946,,0.402299785106508,0.4979253112031845,-1.3787691962784066,1.251482018179484,7.384352496033153,2.7540106951872145,3267.537556854931,225.23226962716342,0.4979253112031845,225.23226962716342
,1989-02-01,,5.173054909495215,,,,,,,,,,
0.9103563028974637,1989-02-28,1.0378299939893143,,0.28619668617313465,0.4128819157721564,-3.7849511252557866,0.49440541243810365,0.5225032656453354,1.899736147757336,3268.199607980821,230.7605162862809,0.4128819157721564,230.7605162862809
,1989-03-01,,5.202504605192183,,,,,,,,,,
0.2790461694571311,1989-03-31,0.5692902204249339,,0.285395466592675,0.5756578947368807,7.040756054341379,-0.6084930088036677,-0.19825972023361782,1.3732998811567976,3285.5309538331758,233.01060165690305,0.5756578947368807,233.01060165690305
,1989-04-01,,5.20395606153835,,,,,,,,,,
0.0,1989-04-30,0.027899184264423837,,0.6260553419172643,0.6541291905151292,-3.5757642644300147,0.10420737267160529,5.2904314292598675,2.4803307107614803,3307.5131131110793,235.11026041440098,0.6541291905151292,235.11026041440098
,1989-05-01,,5.45341056895705,,,,,,,,,,
4.613584619276501,1989-05-31,4.793555219698731,,0.3959285679002944,0.5686433793663959,-4.017397275952783,-1.5484710474950925,3.1234628627643257,1.0416666666666963,3342.614694898695,256.78313369835763,0.5686433793663959,256.78313369835763
,1989-06-01,,5.546547999657621,,,,,,,,,,
1.5763383006377918,1989-06-30,1.7078749073239807,,0.11268508855326598,0.24232633279477334,7.953732411161396,2.616970658207829,4.249193919852456,0.936037441497839,3069.554982692337,282.7830475457176,0.24232633279477334,282.7830475457176
,1989-07-01,,5.299182640892967,,,,,,,,,,
-4.422026811885315,1989-07-31,-4.459807411383143,,0.2813803205859111,0.24174053182910438,-13.962222467690166,-4.623905203503331,3.853333333333331,-0.4168908015060313,3097.691482557154,296.61198514648646,0.24174053182910438,296.61198514648646
,1989-08-01,,5.363288249720275,,,,,,,,,,
1.2173669380574959,1989-08-31,1.2097263516191115,,0.16833310229391607,0.1607717041800294,-21.27359096161261,4.348413234301152,4.964053406367608,0.4158544509423656,3105.758144195192,291.4784091747305,0.1607717041800294,291.4784091747305
,1989-09-01,,5.443612219335095,,,,,,,,,,
1.399590888817115,1989-09-30,1.4976627373889384,,0.2240923596439348,0.3210272873195086,37.89954337899546,0.18118286527757377,1.4760590423616327,0.1682194616978272,3098.430157582806,319.77217732840523,0.3210272873195086,319.77217732840523
,1989-10-01,,5.230726905066841,,,,,,,,,,
-3.942119552852308,1989-10-31,-3.910736211372834,,0.44718261720904096,0.48000000000005816,9.649952696310372,-0.6329931533394006,6.8818443804035345,-0.37559901567143505,3052.10295776872,330.9482249275887,0.48000000000005816,330.9482249275887
,1989-11-01,,5.141082974996354,,,,,,,,,,
-1.7843044370756456,1989-11-30,-1.7137948835304617,,0.16694313895788682,0.23885350318464393,-0.09706643658325964,-1.1700468018720156,4.65484126087452,-0.2885624344174387,3031.5836918513196,339.1324034805741,0.23885350318464393,339.1324034805741
,1989-12-01,,4.9166242450185695,,,,,,,,,,
-4.411575562700964,1989-12-31,-4.365981468679636,,0.11110489747248042,0.15885623510718538,-3.411421785598623,0.15785319652728003,0.2914471471808566,0.30299038334886674,3261.0587628896783,348.7085408253869,0.15885623510718538,348.7085408253869
,1990-01-01,,4.798767164086162,,,,,,,,,,
-3.124999999999989,1990-01-31,-2.3971138541209025,,0.2774766249456828,1.0309278350516315,0.03353079244439172,0.13133701076954996,1.7276653784951135,-0.8066614623991386,3245.792093449375,352.9043754698047,1.0309278350516315,352.9043754698047
,1990-02-01,,4.755260366847333,,,,,,,,,,
-1.16323483454287,1990-02-28,-0.9066244673097135,,0.21077988557662852,0.47095761381481527,-2.792696025778718,1.4952780692549794,2.7767714789463493,0.18125323666506876,3272.169611618086,346.67491537079695,0.47095761381481527,346.67491537079695
,1990-03-01,,4.821831269878425,,,,,,,,,,
1.0908516020236014,1990-03-31,1.3999423353389995,,0.24038461538462563,0.5468749999998579,10.165745856353592,0.3489273714138541,5.777276843392709,1.1462810993879025,3306.7408334556303,356.6278670022888,0.5468749999998579,356.6278670022888
,1990-04-01,,4.731337657807867,,,,,,,,,,
-1.4856904550904382,1990-04-30,-1.8767477957153833,,0.554556354916147,0.15540015540027596,-8.02407221664999,-2.0734063103670985,0.8974880832619103,-1.054001301236096,3454.668381975177,356.53524123982066,0.15540015540027596,356.53524123982066
,1990-05-01,,4.676156425709203,,,,,,,,,,
-1.2488093978198833,1990-05-31,-1.166292412201897,,0.1490535102101731,0.23273855702088397,-1.7448200654306745,0.8548132561809307,3.2864348872591043,1.3613534232091329,3451.8465623242982,360.0179794896414,0.23273855702088397,360.0179794896414
,1990-06-01,,4.757791994322194,,,,,,,,,,
1.182438466759539,1990-06-30,1.7457835277743028,,-0.014883167138046716,0.5417956656347034,6.9922308546060075,2.959968705176763,2.366503119296559,1.7001545595054512,3275.5597648992343,361.2821419890347,0.5417956656347034,361.2821419890347
,1990-07-01,,4.6362004590410635,,,,,,,,,,
-2.9003671797768638,1990-07-31,-2.5556294900288545,,0.029770765108660946,0.38491147036172624,-7.0539419087137905,-3.495440729483401,10.585875395897549,2.903443619176138,3264.6042917861123,364.12123298989746,0.38491147036172624,364.12123298989746
,1990-08-01,,4.4562548110690035,,,,,,,,,,
-4.13416962094354,1990-08-31,-3.8813172459173484,,0.6547619047619246,0.9202453987730896,-25.892857142857128,3.3464566929134465,4.0972574012610785,1.9153617186488558,3279.1670569803805,368.8069955990194,0.9202453987730896,368.8069955990194
,1990-09-01,,4.448640212135466,,,,,,,,,,
-0.2958411560562091,1990-09-30,-0.17087440589401703,,0.7096392667060858,0.8358662613981327,38.855421686747114,0.7619047619047636,4.818828392782315,2.506136158119099,3459.6550531067714,374.0198550776581,0.8358662613981327,374.0198550776581
,1990-10-01,,4.326589186870278,,,,,,,,,,
-2.900618164526858,1990-10-31,-2.7435580187456954,,0.4403992953611269,0.6028636021100375,10.195227765726656,-1.3484562066793382,5.340078904274148,1.768070722828874,3593.4244844558257,387.2376063030978,0.6028636021100375,387.2376063030978
,1990-11-01,,4.254386853563475,,,,,,,,,,
-2.0470127326150944,1990-11-30,-1.6688049220367818,,-0.1607717041799961,0.22471910112353832,-5.2165354330709235,-2.5932549821155115,-0.05801351205781957,0.30255196001038875,3703.01820298849,388.2060543642708,0.22471910112353832,388.2060543642708
,1990-12-01,,4.313611444758863,,,,,,,,,,
1.3178682131786745,1990-12-31,1.3920828837128862,,-0.07319572536971242,0.0,-4.880581516095539,-1.46885245901629,-1.5781802299903003,-1.3265038087733827,3790.137149108892,389.40635084547125,0.0,389.40635084547125
